pref_code,pref_name,muni_code,muni_name,muni_type,tri
01,北海道,01101,札幌市,市,27.09201396452971
01,北海道,01102,札幌市,市,0.8706918342380846
01,北海道,01103,札幌市,市,1.0216766596727413
01,北海道,01104,札幌市,市,1.8729953218548292
01,北海道,01105,札幌市,市,9.37768750259242
01,北海道,01106,札幌市,市,45.915940773772604
01,北海道,01107,札幌市,市,39.966171147550874
01,北海道,01108,札幌市,市,4.294407413913633
01,北海道,01109,札幌市,市,28.107628526114343
01,北海道,01110,札幌市,市,14.834256841012795
01,北海道,01202,函館市,市,37.78591280448483
01,北海道,01203,小樽市,市,45.894628752888806
01,北海道,01204,旭川市,市,26.208608366857785
01,北海道,01205,室蘭市,市,24.822392275165303
01,北海道,01206,釧路市,市,27.45451538005912
01,北海道,01207,帯広市,市,33.97063375421278
01,北海道,01208,北見市,市,30.94489177639434
01,北海道,01209,夕張市,市,43.280245387047806
01,北海道,01210,岩見沢市,市,13.346275165456573
01,北海道,01211,網走市,市,11.527212964884875
01,北海道,01212,留萌市,市,27.13365537761818
01,北海道,01213,苫小牧市,市,9.55629432961201
01,北海道,01214,稚内市,市,13.764420204944035
01,北海道,01215,美唄市,市,22.08781677183373
01,北海道,01216,芦別市,市,46.34269871610913
01,北海道,01217,江別市,市,2.255408986756122
01,北海道,01218,赤平市,市,28.679845218771945
01,北海道,01219,紋別市,市,32.85235686715147
01,北海道,01220,士別市,市,33.708382999768375
01,北海道,01221,名寄市,市,21.33176205412855
01,北海道,01222,三笠市,市,38.825543914714785
01,北海道,01223,根室市,市,5.277412750268428
01,北海道,01224,千歳市,市,19.993808818761604
01,北海道,01225,滝川市,市,6.47836508588809
01,北海道,01226,砂川市,市,14.090862228513203
01,北海道,01227,歌志内市,市,36.53171540966816
01,北海道,01228,深川市,市,25.172037056904987
01,北海道,01229,富良野市,市,36.20343914136743
01,北海道,01230,登別市,市,40.510275418911085
01,北海道,01231,恵庭市,市,19.55453582207074
01,北海道,01233,伊達市,市,35.09106658199166
01,北海道,01234,北広島市,市,10.857428167700123
01,北海道,01235,石狩市,市,37.701520819040525
01,北海道,01236,北斗市,市,38.07945969044541
01,北海道,01303,当別町,町,22.60290602172803
01,北海道,01304,新篠津村,村,0.9254384209351392
01,北海道,01331,松前町,町,60.98039161095569
01,北海道,01332,福島町,町,48.48337187826536
01,北海道,01333,知内町,町,34.51175589749451
01,北海道,01334,木古内町,町,34.22602985801688
01,北海道,01337,七飯町,町,32.15646946529247
01,北海道,01343,鹿部町,町,29.621805210076317
01,北海道,01345,森町,町,36.46896105435711
01,北海道,01346,八雲町,町,43.79861298479471
01,北海道,01347,長万部町,町,31.385206893834255
01,北海道,01361,江差町,町,23.497377226352093
01,北海道,01362,上ノ国町,町,47.679065442750975
01,北海道,01363,厚沢部町,町,37.24504529506918
01,北海道,01364,乙部町,町,42.77214430518979
01,北海道,01367,奥尻町,町,34.66271300891551
01,北海道,01370,今金町,町,32.730412565062586
01,北海道,01371,せたな町,町,43.62891352413515
01,北海道,01391,島牧村,村,62.00303860920328
01,北海道,01392,寿都町,町,41.42615476829078
01,北海道,01393,黒松内町,町,32.10173364552755
01,北海道,01394,蘭越町,町,36.4556000779177
01,北海道,01395,ニセコ町,町,33.2357817082893
01,北海道,01396,真狩村,村,26.359827708514292
01,北海道,01397,留寿都村,村,28.611279229408243
01,北海道,01398,喜茂別町,町,37.34377008862195
01,北海道,01399,京極町,町,35.50065956582652
01,北海道,01400,倶知安町,町,31.463055497304833
01,北海道,01401,共和町,町,34.22514175073217
01,北海道,01402,岩内町,町,57.69996284095947
01,北海道,01403,泊村,村,59.482764264501625
01,北海道,01404,神恵内村,村,66.18540196631339
01,北海道,01405,積丹町,町,52.68626239307906
01,北海道,01406,古平町,町,54.34147965736323
01,北海道,01407,仁木町,町,45.670461815115054
01,北海道,01408,余市町,町,36.23827474319282
01,北海道,01409,赤井川村,村,44.00202825413207
01,北海道,01423,南幌町,町,0.6639314357244962
01,北海道,01424,奈井江町,町,24.81998701220515
01,北海道,01425,上砂川町,町,40.85182128570844
01,北海道,01427,由仁町,町,14.874567367631249
01,北海道,01428,長沼町,町,4.4732586356578
01,北海道,01429,栗山町,町,18.533450524883442
01,北海道,01430,月形町,町,22.506180192801075
01,北海道,01431,浦臼町,町,25.801679612632455
01,北海道,01432,新十津川町,町,34.36073621263963
01,北海道,01433,妹背牛町,町,0.6472873888351015
01,北海道,01434,秩父別町,町,4.478192271374404
01,北海道,01436,雨竜町,町,31.140373099941904
01,北海道,01437,北竜町,町,23.99458628627805
01,北海道,01438,沼田町,町,24.45573880672581
01,北海道,01452,鷹栖町,町,17.393360136048365
01,北海道,01453,東神楽町,町,11.494713080218911
01,北海道,01454,当麻町,町,22.47469248852918
01,北海道,01455,比布町,町,24.022075769167163
01,北海道,01456,愛別町,町,36.48980759203268
01,北海道,01457,上川町,町,52.48720796249682
01,北海道,01458,東川町,町,33.977007982945736
01,北海道,01459,美瑛町,町,38.84093245854564
01,北海道,01460,上富良野町,町,24.433178978359727
01,北海道,01461,中富良野町,町,19.865381165913355
01,北海道,01462,南富良野町,町,45.55749405371204
01,北海道,01463,占冠村,村,49.81481887233776
01,北海道,01464,和寒町,町,27.495887361672413
01,北海道,01465,剣淵町,町,11.889232613374972
01,北海道,01468,下川町,町,40.395610879942225
01,北海道,01469,美深町,町,34.42705772142952
01,北海道,01470,音威子府村,村,40.16442215564156
01,北海道,01471,中川町,町,34.53027445141678
01,北海道,01472,幌加内町,町,29.520160364476304
01,北海道,01481,増毛町,町,50.577628603107144
01,北海道,01482,小平町,町,32.659803296901515
01,北海道,01483,苫前町,町,29.008446253073874
01,北海道,01484,羽幌町,町,29.012371870871878
01,北海道,01485,初山別村,村,25.117127834464767
01,北海道,01486,遠別町,町,27.22156149710342
01,北海道,01487,天塩町,町,11.292552704236838
01,北海道,01511,猿払村,村,13.70807029450635
01,北海道,01512,浜頓別町,町,22.147595363231467
01,北海道,01513,中頓別町,町,31.52615178091297
01,北海道,01514,枝幸町,町,32.10842371441012
01,北海道,01516,豊富町,町,10.952497705607604
01,北海道,01517,礼文町,町,30.989687340951793
01,北海道,01518,利尻町,町,38.25932081052903
01,北海道,01519,利尻富士町,町,43.62009503643567
01,北海道,01520,幌延町,町,17.962477708824476
01,北海道,01543,美幌町,町,17.02485059599898
01,北海道,01544,津別町,町,31.10566535857203
01,北海道,01545,斜里町,町,43.379497308872864
01,北海道,01546,清里町,町,25.795196609213825
01,北海道,01547,小清水町,町,12.548646650156408
01,北海道,01549,訓子府町,町,20.957178927873244
01,北海道,01550,置戸町,町,39.866966423576706
01,北海道,01552,佐呂間町,町,24.311733171523947
01,北海道,01555,遠軽町,町,51.68058431317261
01,北海道,01559,湧別町,町,19.973692470358618
01,北海道,01560,滝上町,町,52.19699541486916
01,北海道,01561,興部町,町,26.786179078826656
01,北海道,01562,西興部村,村,38.74969884209316
01,北海道,01563,雄武町,町,30.129222840181402
01,北海道,01564,大空町,町,13.494635723066377
01,北海道,01571,豊浦町,町,33.254914983736114
01,北海道,01575,壮瞥町,町,35.169226659091414
01,北海道,01578,白老町,町,30.529441060022325
01,北海道,01581,厚真町,町,19.47585039448308
01,北海道,01584,洞爺湖町,町,27.520930196056703
01,北海道,01585,安平町,町,10.401797731734382
01,北海道,01586,むかわ町,町,28.53812901468545
01,北海道,01601,日高町,町,52.72551150776332
01,北海道,01602,平取町,町,46.47562736729618
01,北海道,01604,新冠町,町,56.69690331431398
01,北海道,01607,浦河町,町,65.15923554189071
01,北海道,01608,様似町,町,64.36223180388983
01,北海道,01609,えりも町,町,56.0180494163162
01,北海道,01610,新ひだか町,町,65.27836099945984
01,北海道,01631,音更町,町,7.87378997282674
01,北海道,01632,士幌町,町,9.801540920564127
01,北海道,01633,上士幌町,町,42.66153252160418
01,北海道,01634,鹿追町,町,30.975302952250477
01,北海道,01635,新得町,町,48.55416788539643
01,北海道,01636,清水町,町,29.366058192760264
01,北海道,01637,芽室町,町,31.12066293999429
01,北海道,01638,中札内村,村,63.23762735393257
01,北海道,01639,更別村,村,4.54183724993598
01,北海道,01641,大樹町,町,51.184291318762135
01,北海道,01642,広尾町,町,55.6678318623737
01,北海道,01643,幕別町,町,10.798991939132641
01,北海道,01644,池田町,町,18.28718178258908
01,北海道,01645,豊頃町,町,14.280276875591614
01,北海道,01646,本別町,町,21.3348782321697
01,北海道,01647,足寄町,町,35.886345865810824
01,北海道,01648,陸別町,町,29.108759495238967
01,北海道,01649,浦幌町,町,23.76219651609743
01,北海道,01661,釧路町,町,13.499044240388887
01,北海道,01662,厚岸町,町,10.200817677043165
01,北海道,01663,浜中町,町,6.502707141835601
01,北海道,01664,標茶町,町,11.642499152014336
01,北海道,01665,弟子屈町,町,27.003965120881354
01,北海道,01667,鶴居村,村,17.800841946023397
01,北海道,01668,白糠町,町,32.20403581392079
01,北海道,01691,別海町,町,3.896644428616714
01,北海道,01692,中標津町,町,14.632765622432393
01,北海道,01693,標津町,町,27.331471254038007
01,北海道,01694,羅臼町,町,57.622066361799064
01,北海道,01695,色丹村,村,28.769983288739855
01,北海道,01696,泊村,村,19.648680553364194
01,北海道,01697,留夜別村,村,38.22638149734656
01,北海道,01698,留別村,村,33.96397160538719
01,北海道,01699,紗那村,村,36.3074902420203
01,北海道,01700,蘂取村,村,40.64465245530483
02,青森県,02201,青森市,市,29.874464914303008
02,青森県,02202,弘前市,市,27.621485775285517
02,青森県,02203,八戸市,市,13.163205522872742
02,青森県,02204,黒石市,市,37.012788983073435
02,青森県,02205,五所川原市,市,16.471896567175488
02,青森県,02206,十和田市,市,25.283298805070558
02,青森県,02207,三沢市,市,3.8429287368143563
02,青森県,02208,むつ市,市,32.73783550445868
02,青森県,02209,つがる市,市,2.582823066738899
02,青森県,02210,平川市,市,35.22395428444473
02,青森県,02301,平内町,町,32.435445922594106
02,青森県,02303,今別町,町,35.90317988412886
02,青森県,02304,蓬田村,村,21.850006430348135
02,青森県,02307,外ヶ浜町,町,36.907084358133
02,青森県,02321,鰺ヶ沢町,町,45.34016209219057
02,青森県,02323,深浦町,町,58.74165272807743
02,青森県,02343,西目屋村,村,56.41688737337837
02,青森県,02361,藤崎町,町,0.6705951809085223
02,青森県,02362,大鰐町,町,51.64930253511694
02,青森県,02367,田舎館村,村,0.9606708429258335
02,青森県,02381,板柳町,町,0.6584377472936332
02,青森県,02384,鶴田町,町,1.3637328835558704
02,青森県,02387,中泊町,町,24.60582575169579
02,青森県,02401,野辺地町,町,19.635672638104655
02,青森県,02402,七戸町,町,27.974773379708182
02,青森県,02405,六戸町,町,8.202643221474531
02,青森県,02406,横浜町,町,22.237512708563465
02,青森県,02408,東北町,町,10.873736905515983
02,青森県,02411,六ヶ所村,村,16.451002364695594
02,青森県,02412,おいらせ町,町,5.066848342808155
02,青森県,02423,大間町,町,29.474920046296635
02,青森県,02424,東通村,村,20.398522198672723
02,青森県,02425,風間浦村,村,47.41983754806361
02,青森県,02426,佐井村,村,49.28197249349922
02,青森県,02441,三戸町,町,27.27352761801676
02,青森県,02442,五戸町,町,16.333530080882444
02,青森県,02443,田子町,町,40.25706483518452
02,青森県,02445,南部町,町,20.218066966251538
02,青森県,02446,階上町,町,22.704635970470715
02,青森県,02450,新郷村,村,27.996345051576466
03,岩手県,03201,盛岡市,市,33.481883112603576
03,岩手県,03202,宮古市,市,58.39332686268044
03,岩手県,03203,大船渡市,市,57.16954945329432
03,岩手県,03205,花巻市,市,37.2571840809578
03,岩手県,03206,北上市,市,31.770098636911694
03,岩手県,03207,久慈市,市,35.52451905414062
03,岩手県,03208,遠野市,市,43.29480532727126
03,岩手県,03209,一関市,市,29.244590616235868
03,岩手県,03210,陸前高田市,市,53.60427410034203
03,岩手県,03211,釜石市,市,64.91200148138131
03,岩手県,03213,二戸市,市,29.478963817499825
03,岩手県,03214,八幡平市,市,37.7216387480222
03,岩手県,03215,奥州市,市,28.89488426347175
03,岩手県,03216,滝沢市,市,20.333293782728816
03,岩手県,03301,雫石町,町,42.79969032565702
03,岩手県,03302,葛巻町,町,45.8997140916883
03,岩手県,03303,岩手町,町,27.13188191560249
03,岩手県,03321,紫波町,町,27.920082257042267
03,岩手県,03322,矢巾町,町,15.207150168008496
03,岩手県,03366,西和賀町,町,48.1388470691446
03,岩手県,03381,金ケ崎町,町,16.35262364564809
03,岩手県,03402,平泉町,町,20.141579825484847
03,岩手県,03441,住田町,町,56.84985079626739
03,岩手県,03461,大槌町,町,67.24612421035425
03,岩手県,03482,山田町,町,58.41406837163751
03,岩手県,03483,岩泉町,町,57.3294584581408
03,岩手県,03484,田野畑村,村,32.42245790044573
03,岩手県,03485,普代村,村,29.796251779409108
03,岩手県,03501,軽米町,町,22.784446725710918
03,岩手県,03503,野田村,村,38.48808108822272
03,岩手県,03506,九戸村,村,26.22733643740277
03,岩手県,03507,洋野町,町,17.396777866331558
03,岩手県,03524,一戸町,町,29.14554711908057
04,宮城県,04101,仙台市,市,37.58447763604355
04,宮城県,04102,仙台市,市,3.2080891491917423
04,宮城県,04103,仙台市,市,0.9679568408816974
04,宮城県,04104,仙台市,市,43.49404078805545
04,宮城県,04105,仙台市,市,21.383988500661435
04,宮城県,04202,石巻市,市,29.305510710371614
04,宮城県,04203,塩竈市,市,10.49763528588323
04,宮城県,04205,気仙沼市,市,36.2200245760824
04,宮城県,04206,白石市,市,36.54722826723056
04,宮城県,04207,名取市,市,12.290544139152239
04,宮城県,04208,角田市,市,13.464013594217834
04,宮城県,04209,多賀城市,市,3.4024787985260576
04,宮城県,04211,岩沼市,市,9.976997420831434
04,宮城県,04212,登米市,市,17.61140798905481
04,宮城県,04213,栗原市,市,20.954572198980735
04,宮城県,04214,東松島市,市,6.838234284864005
04,宮城県,04215,大崎市,市,25.514839077698845
04,宮城県,04216,富谷市,市,10.427323988406673
04,宮城県,04301,蔵王町,町,34.75218269438942
04,宮城県,04302,七ヶ宿町,町,52.26819346782515
04,宮城県,04321,大河原町,町,12.524156888999677
04,宮城県,04322,村田町,町,21.128476729013908
04,宮城県,04323,柴田町,町,16.396615141558502
04,宮城県,04324,川崎町,町,46.05840052168836
04,宮城県,04341,丸森町,町,31.112946282627338
04,宮城県,04361,亘理町,町,6.510179029016024
04,宮城県,04362,山元町,町,13.181491247758942
04,宮城県,04401,松島町,町,11.893109114029375
04,宮城県,04404,七ヶ浜町,町,7.6441462089700085
04,宮城県,04406,利府町,町,14.405517097021644
04,宮城県,04421,大和町,町,26.550722659127103
04,宮城県,04422,大郷町,町,10.566085564963457
04,宮城県,04424,大衡村,村,12.421842227822989
04,宮城県,04444,色麻町,町,22.041019498806648
04,宮城県,04445,加美町,町,29.464195509324384
04,宮城県,04501,涌谷町,町,11.9027185911144
04,宮城県,04505,美里町,町,1.1260062531124946
04,宮城県,04581,女川町,町,44.917226175796365
04,宮城県,04606,南三陸町,町,31.730771674069082
05,秋田県,05201,秋田市,市,29.82178949846168
05,秋田県,05202,能代市,市,19.698921732459976
05,秋田県,05203,横手市,市,24.80406767322957
05,秋田県,05204,大館市,市,40.768435072551945
05,秋田県,05206,男鹿市,市,18.49168908440094
05,秋田県,05207,湯沢市,市,50.838546294120604
05,秋田県,05209,鹿角市,市,42.76172476324208
05,秋田県,05210,由利本荘市,市,31.935220387865915
05,秋田県,05211,潟上市,市,6.1500122701208015
05,秋田県,05212,大仙市,市,22.974423436314456
05,秋田県,05213,北秋田市,市,40.71413262096981
05,秋田県,05214,にかほ市,市,26.66132872447273
05,秋田県,05215,仙北市,市,49.629086470533494
05,秋田県,05303,小坂町,町,36.61592429818279
05,秋田県,05327,上小阿仁村,村,48.88557119588141
05,秋田県,05346,藤里町,町,56.043640199995124
05,秋田県,05348,三種町,町,14.11187476179009
05,秋田県,05349,八峰町,町,50.172319986900234
05,秋田県,05361,五城目町,町,34.64031124138042
05,秋田県,05363,八郎潟町,町,11.270768699658179
05,秋田県,05366,井川町,町,17.871809668574834
05,秋田県,05368,大潟村,村,0.5486079092332827
05,秋田県,05434,美郷町,町,28.855031747574316
05,秋田県,05463,羽後町,町,24.3984044031009
05,秋田県,05464,東成瀬村,村,59.94987127304961
06,山形県,06201,山形市,市,40.624088486655076
06,山形県,06202,米沢市,市,48.82381492482688
06,山形県,06203,鶴岡市,市,48.92514462410756
06,山形県,06204,酒田市,市,35.6087697204506
06,山形県,06205,新庄市,市,33.95816441103637
06,山形県,06206,寒河江市,市,32.060596947415526
06,山形県,06207,上山市,市,44.91594698562573
06,山形県,06208,村山市,市,35.984572011069375
06,山形県,06209,長井市,市,47.19709853314603
06,山形県,06210,天童市,市,22.61293208539328
06,山形県,06211,東根市,市,50.761100169325104
06,山形県,06212,尾花沢市,市,40.34863985489495
06,山形県,06213,南陽市,市,33.56149281739164
06,山形県,06301,山辺町,町,28.782864939970178
06,山形県,06302,中山町,町,13.166580150030908
06,山形県,06321,河北町,町,13.554916086149937
06,山形県,06322,西川町,町,59.58645550174788
06,山形県,06323,朝日町,町,56.04074240367721
06,山形県,06324,大江町,町,43.57284905858983
06,山形県,06341,大石田町,町,21.290909475554916
06,山形県,06361,金山町,町,49.34911206637505
06,山形県,06362,最上町,町,56.6997686238142
06,山形県,06363,舟形町,町,35.20233539645697
06,山形県,06364,真室川町,町,47.05407004055852
06,山形県,06365,大蔵村,村,48.705773246239026
06,山形県,06366,鮭川村,村,28.04801929226923
06,山形県,06367,戸沢村,村,47.04559304311736
06,山形県,06381,高畠町,町,35.693914463861056
06,山形県,06382,川西町,町,14.47668829409626
06,山形県,06401,小国町,町,64.29027365918543
06,山形県,06402,白鷹町,町,40.59259656984424
06,山形県,06403,飯豊町,町,49.73388515048625
06,山形県,06426,三川町,町,0.800648424686143
06,山形県,06428,庄内町,町,40.975307801209794
06,山形県,06461,遊佐町,町,36.580845080855816
07,福島県,07201,福島市,市,39.727702891843194
07,福島県,07202,会津若松市,市,32.64700030534451
07,福島県,07203,郡山市,市,27.535888489914242
07,福島県,07204,いわき市,市,28.814080171910895
07,福島県,07205,白河市,市,20.116868669231863
07,福島県,07207,須賀川市,市,20.55761322770261
07,福島県,07208,喜多方市,市,44.598906283160794
07,福島県,07209,相馬市,市,22.899902915433348
07,福島県,07210,二本松市,市,23.319195843855574
07,福島県,07211,田村市,市,29.524001081877962
07,福島県,07212,南相馬市,市,24.607658647519326
07,福島県,07213,伊達市,市,28.617953859601883
07,福島県,07214,本宮市,市,14.303922374338962
07,福島県,07301,桑折町,町,29.540732672584195
07,福島県,07303,国見町,町,31.87038815349007
07,福島県,07308,川俣町,町,33.53059264115423
07,福島県,07322,大玉村,村,33.703259485805766
07,福島県,07342,鏡石町,町,5.499432521368535
07,福島県,07344,天栄村,村,39.481041839076276
07,福島県,07362,下郷町,町,63.43652666533467
07,福島県,07364,檜枝岐村,村,74.94527016847844
07,福島県,07367,只見町,町,72.22085593050777
07,福島県,07368,南会津町,町,60.22844323719674
07,福島県,07402,北塩原村,村,45.063905944934895
07,福島県,07405,西会津町,町,43.80974569250329
07,福島県,07407,磐梯町,町,39.376415163032945
07,福島県,07408,猪苗代町,町,43.32750555856784
07,福島県,07421,会津坂下町,町,13.350015919023368
07,福島県,07422,湯川村,村,1.1080541480700297
07,福島県,07423,柳津町,町,48.18226041901991
07,福島県,07444,三島町,町,56.83796543274769
07,福島県,07445,金山町,町,64.2168030491379
07,福島県,07446,昭和村,村,46.02462549354106
07,福島県,07447,会津美里町,町,42.436737701355824
07,福島県,07461,西郷村,村,29.591254840541968
07,福島県,07464,泉崎村,村,12.83143975840757
07,福島県,07465,中島村,村,6.00462135541456
07,福島県,07466,矢吹町,町,7.3070108164126735
07,福島県,07481,棚倉町,町,34.19432229267537
07,福島県,07482,矢祭町,町,33.96057794243503
07,福島県,07483,塙町,町,27.365938099348316
07,福島県,07484,鮫川村,村,20.923202296642923
07,福島県,07501,石川町,町,18.673541745704796
07,福島県,07502,玉川村,村,17.135901913427936
07,福島県,07503,平田村,村,19.289325818660114
07,福島県,07504,浅川町,町,15.995145103790403
07,福島県,07505,古殿町,町,37.057298760670925
07,福島県,07521,三春町,町,13.996456453745454
07,福島県,07522,小野町,町,23.910455280140994
07,福島県,07541,広野町,町,26.706837177706266
07,福島県,07542,楢葉町,町,35.14612647469532
07,福島県,07543,富岡町,町,22.61882423306799
07,福島県,07544,川内村,村,30.708216521738596
07,福島県,07545,大熊町,町,24.085749072539034
07,福島県,07546,双葉町,町,16.6737002823324
07,福島県,07547,浪江町,町,34.6430702488193
07,福島県,07548,葛尾村,村,35.66268091307977
07,福島県,07561,新地町,町,15.578131495329602
07,福島県,07564,飯舘村,村,32.131641499919716
08,茨城県,08201,水戸市,市,4.509553292163476
08,茨城県,08202,日立市,市,24.434802400310325
08,茨城県,08203,土浦市,市,6.799819336532179
08,茨城県,08204,古河市,市,2.3506342083286547
08,茨城県,08205,石岡市,市,21.21062055509118
08,茨城県,08207,結城市,市,1.944853952672129
08,茨城県,08208,龍ケ崎市,市,3.4259162774987457
08,茨城県,08210,下妻市,市,1.9204839305242491
08,茨城県,08211,常総市,市,2.310015206811753
08,茨城県,08212,常陸太田市,市,26.451187873993835
08,茨城県,08214,高萩市,市,27.73339152615123
08,茨城県,08215,北茨城市,市,27.27760854866091
08,茨城県,08216,笠間市,市,17.88623990145884
08,茨城県,08217,取手市,市,2.298923012078951
08,茨城県,08219,牛久市,市,4.795556110072008
08,茨城県,08220,つくば市,市,8.38114471784348
08,茨城県,08221,ひたちなか市,市,3.256394216467568
08,茨城県,08222,鹿嶋市,市,5.004166113095735
08,茨城県,08223,潮来市,市,3.981817530800234
08,茨城県,08224,守谷市,市,2.864229002920423
08,茨城県,08225,常陸大宮市,市,23.318593353495213
08,茨城県,08226,那珂市,市,4.702912597046829
08,茨城県,08227,筑西市,市,2.2926011084488334
08,茨城県,08228,坂東市,市,2.652963914160312
08,茨城県,08229,稲敷市,市,3.084054136546746
08,茨城県,08230,かすみがうら市,市,5.683567240621699
08,茨城県,08231,桜川市,市,24.70524461603166
08,茨城県,08232,神栖市,市,1.1279899205506878
08,茨城県,08233,行方市,市,4.347935071050023
08,茨城県,08234,鉾田市,市,4.262602377750235
08,茨城県,08235,つくばみらい市,市,2.1591527399356183
08,茨城県,08236,小美玉市,市,3.5870565091609046
08,茨城県,08302,茨城町,町,4.640908776152163
08,茨城県,08309,大洗町,町,6.054816745103477
08,茨城県,08310,城里町,町,18.311262059181054
08,茨城県,08341,東海村,村,4.416967676948021
08,茨城県,08364,大子町,町,35.4457868181311
08,茨城県,08442,美浦村,村,2.515991068327355
08,茨城県,08443,阿見町,町,3.499888413970503
08,茨城県,08447,河内町,町,0.6934842025046425
08,茨城県,08521,八千代町,町,1.973682891204632
08,茨城県,08542,五霞町,町,1.4142408667509225
08,茨城県,08546,境町,町,2.051264546387033
08,茨城県,08564,利根町,町,2.5239578283004893
09,栃木県,09201,宇都宮市,市,9.915189981143996
09,栃木県,09202,足利市,市,26.041675484103703
09,栃木県,09203,栃木市,市,15.767309929538483
09,栃木県,09204,佐野市,市,40.199739071880536
09,栃木県,09205,鹿沼市,市,44.97127197962772
09,栃木県,09206,日光市,市,64.95181245526443
09,栃木県,09208,小山市,市,1.9208331240147258
09,栃木県,09209,真岡市,市,4.543513986877156
09,栃木県,09210,大田原市,市,16.89462699070115
09,栃木県,09211,矢板市,市,20.794509198106063
09,栃木県,09213,那須塩原市,市,48.18786138093066
09,栃木県,09214,さくら市,市,8.288716998165235
09,栃木県,09215,那須烏山市,市,18.05841653664929
09,栃木県,09216,下野市,市,2.0427867978399696
09,栃木県,09301,上三川町,町,1.7852506931968024
09,栃木県,09342,益子町,町,17.81114350404891
09,栃木県,09343,茂木町,町,22.8248133814072
09,栃木県,09344,市貝町,町,9.235418753469162
09,栃木県,09345,芳賀町,町,4.3954151100691
09,栃木県,09361,壬生町,町,2.7822468626844223
09,栃木県,09364,野木町,町,2.1909773908181878
09,栃木県,09384,塩谷町,町,30.02362384523561
09,栃木県,09386,高根沢町,町,4.254099417290862
09,栃木県,09407,那須町,町,22.445784193557856
09,栃木県,09411,那珂川町,町,22.549783301871177
10,群馬県,10201,前橋市,市,17.092629903967733
10,群馬県,10202,高崎市,市,26.06251241385102
10,群馬県,10203,桐生市,市,45.401933962689384
10,群馬県,10204,伊勢崎市,市,2.0386313130938434
10,群馬県,10205,太田市,市,4.359842060265151
10,群馬県,10206,沼田市,市,57.597864764247554
10,群馬県,10207,館林市,市,1.1897200205494005
10,群馬県,10208,渋川市,市,35.31555460504767
10,群馬県,10209,藤岡市,市,46.275831003220404
10,群馬県,10210,富岡市,市,27.951789248286392
10,群馬県,10211,安中市,市,38.86715091032531
10,群馬県,10212,みどり市,市,56.24627566282691
10,群馬県,10344,榛東村,村,25.717952399238122
10,群馬県,10345,吉岡町,町,14.458004486333504
10,群馬県,10366,上野村,村,78.94829356483645
10,群馬県,10367,神流町,町,79.97839648194527
10,群馬県,10382,下仁田町,町,64.81277920735047
10,群馬県,10383,南牧村,村,76.30817265414343
10,群馬県,10384,甘楽町,町,46.57698534517181
10,群馬県,10421,中之条町,町,58.7014826119607
10,群馬県,10424,長野原町,町,40.63016312131166
10,群馬県,10425,嬬恋村,村,43.58067599284153
10,群馬県,10426,草津町,町,40.78430887077361
10,群馬県,10428,高山村,村,38.963262542926536
10,群馬県,10429,東吾妻町,町,42.23127951814959
10,群馬県,10443,片品村,村,64.78996103910477
10,群馬県,10444,川場村,村,53.15541625008187
10,群馬県,10448,昭和村,村,25.80063571511287
10,群馬県,10449,みなかみ町,町,75.90771378981812
10,群馬県,10464,玉村町,町,1.5028697461120388
10,群馬県,10521,板倉町,町,1.3088801887232027
10,群馬県,10522,明和町,町,1.1324655064015832
10,群馬県,10523,千代田町,町,1.5257072877749127
10,群馬県,10524,大泉町,町,1.7379480316104277
10,群馬県,10525,邑楽町,町,1.3031320798361907
11,埼玉県,11101,さいたま市,市,1.3914704368251514
11,埼玉県,11102,さいたま市,市,1.841088226345338
11,埼玉県,11103,さいたま市,市,1.9271446959414011
11,埼玉県,11104,さいたま市,市,2.069826091790438
11,埼玉県,11105,さいたま市,市,2.2728790074402796
11,埼玉県,11106,さいたま市,市,1.3903964623317195
11,埼玉県,11107,さいたま市,市,1.7966021450973115
11,埼玉県,11108,さいたま市,市,1.5672220840998923
11,埼玉県,11109,さいたま市,市,2.6017239020913494
11,埼玉県,11110,さいたま市,市,1.5610719155757795
11,埼玉県,11201,川越市,市,1.8543763763955152
11,埼玉県,11202,熊谷市,市,1.8371345753484747
11,埼玉県,11203,川口市,市,1.6491950248947507
11,埼玉県,11206,行田市,市,0.8120929588344468
11,埼玉県,11207,秩父市,市,84.3067202880651
11,埼玉県,11208,所沢市,市,4.684698653893608
11,埼玉県,11209,飯能市,市,48.27274926673927
11,埼玉県,11210,加須市,市,0.9128470026678261
11,埼玉県,11211,本庄市,市,16.519631448490387
11,埼玉県,11212,東松山市,市,5.821605341110498
11,埼玉県,11214,春日部市,市,1.0221019774818336
11,埼玉県,11215,狭山市,市,3.8096139931745703
11,埼玉県,11216,羽生市,市,0.9720215582744717
11,埼玉県,11217,鴻巣市,市,1.1300867264419443
11,埼玉県,11218,深谷市,市,2.490113401306898
11,埼玉県,11219,上尾市,市,1.7321213870982282
11,埼玉県,11221,草加市,市,0.644331192525233
11,埼玉県,11222,越谷市,市,0.8043453477317547
11,埼玉県,11223,蕨市,市,0.6824561548847717
11,埼玉県,11224,戸田市,市,1.210560383212999
11,埼玉県,11225,入間市,市,7.418595517345895
11,埼玉県,11227,朝霞市,市,3.6626156451474885
11,埼玉県,11228,志木市,市,1.9180740684141477
11,埼玉県,11229,和光市,市,3.948414927983924
11,埼玉県,11230,新座市,市,3.620200165755636
11,埼玉県,11231,桶川市,市,1.8602428106223898
11,埼玉県,11232,久喜市,市,0.815584344294937
11,埼玉県,11233,北本市,市,2.3301909023980123
11,埼玉県,11234,八潮市,市,0.6998473217217693
11,埼玉県,11235,富士見市,市,2.0958754171262264
11,埼玉県,11237,三郷市,市,0.9912633576454075
11,埼玉県,11238,蓮田市,市,1.7998494703225938
11,埼玉県,11239,坂戸市,市,2.4189228278737906
11,埼玉県,11240,幸手市,市,0.7838954421347686
11,埼玉県,11241,鶴ヶ島市,市,2.0605263971779078
11,埼玉県,11242,日高市,市,12.242797168349561
11,埼玉県,11243,吉川市,市,0.8564915616989934
11,埼玉県,11245,ふじみ野市,市,2.2843497906872985
11,埼玉県,11246,白岡市,市,1.2345327791508007
11,埼玉県,11301,伊奈町,町,2.094063110680318
11,埼玉県,11324,三芳町,町,2.5163262510696343
11,埼玉県,11326,毛呂山町,町,21.762336490209883
11,埼玉県,11327,越生町,町,37.74425418249616
11,埼玉県,11341,滑川町,町,7.431230802313695
11,埼玉県,11342,嵐山町,町,11.387161254706843
11,埼玉県,11343,小川町,町,28.690577411438753
11,埼玉県,11346,川島町,町,0.8962350961976193
11,埼玉県,11347,吉見町,町,3.1326932002599133
11,埼玉県,11348,鳩山町,町,10.978764524891321
11,埼玉県,11349,ときがわ町,町,44.412993643283954
11,埼玉県,11361,横瀬町,町,65.56790283864758
11,埼玉県,11362,皆野町,町,49.34944401863719
11,埼玉県,11363,長瀞町,町,45.927378007998
11,埼玉県,11365,小鹿野町,町,69.50197994445902
11,埼玉県,11369,東秩父村,村,53.45645849143678
11,埼玉県,11381,美里町,町,12.557825761259684
11,埼玉県,11383,神川町,町,39.48112934249812
11,埼玉県,11385,上里町,町,1.6249648890484039
11,埼玉県,11408,寄居町,町,20.367421356176063
11,埼玉県,11442,宮代町,町,1.0285001585707167
11,埼玉県,11464,杉戸町,町,0.8243227866862177
11,埼玉県,11465,松伏町,町,1.4201076057962665
12,千葉県,12101,千葉市,市,3.5414292461697925
12,千葉県,12102,千葉市,市,3.7725148520231135
12,千葉県,12103,千葉市,市,2.3959488449409863
12,千葉県,12104,千葉市,市,5.27550112785342
12,千葉県,12105,千葉市,市,5.89747182792958
12,千葉県,12106,千葉市,市,1.5424630548029292
12,千葉県,12202,銚子市,市,5.770216772365618
12,千葉県,12203,市川市,市,2.613959135934493
12,千葉県,12204,船橋市,市,2.9921220240888147
12,千葉県,12205,館山市,市,14.41023267065164
12,千葉県,12206,木更津市,市,9.514067752979447
12,千葉県,12207,松戸市,市,2.9946810593090514
12,千葉県,12208,野田市,市,2.1840493028184924
12,千葉県,12210,茂原市,市,5.216243232005368
12,千葉県,12211,成田市,市,5.474802446726981
12,千葉県,12212,佐倉市,市,6.387062136992918
12,千葉県,12213,東金市,市,4.760422934180156
12,千葉県,12215,旭市,市,3.4078986196088437
12,千葉県,12216,習志野市,市,2.5221035720262384
12,千葉県,12217,柏市,市,3.504514118720661
12,千葉県,12218,勝浦市,市,17.264370378266616
12,千葉県,12219,市原市,市,10.746210854365673
12,千葉県,12220,流山市,市,2.7721285392692048
12,千葉県,12221,八千代市,市,4.26065248779375
12,千葉県,12222,我孫子市,市,3.9463414020046597
12,千葉県,12223,鴨川市,市,28.231928634823927
12,千葉県,12224,鎌ケ谷市,市,2.1773878621953013
12,千葉県,12225,君津市,市,20.825135330349728
12,千葉県,12226,富津市,市,20.947335108854237
12,千葉県,12227,浦安市,市,0.9722809348654237
12,千葉県,12228,四街道市,市,3.816139329603489
12,千葉県,12229,袖ケ浦市,市,7.218658367973582
12,千葉県,12230,八街市,市,2.962936640442682
12,千葉県,12231,印西市,市,4.86631237041557
12,千葉県,12232,白井市,市,3.7339967585301648
12,千葉県,12233,富里市,市,3.1155105268294836
12,千葉県,12234,南房総市,市,24.568923898224046
12,千葉県,12235,匝瑳市,市,3.8874026521684946
12,千葉県,12236,香取市,市,5.271534860740208
12,千葉県,12237,山武市,市,5.580015459634224
12,千葉県,12238,いすみ市,市,12.455379568025071
12,千葉県,12239,大網白里市,市,4.46577208021194
12,千葉県,12322,酒々井町,町,6.507267194523647
12,千葉県,12329,栄町,町,3.5224943040067185
12,千葉県,12342,神崎町,町,5.193731333109222
12,千葉県,12347,多古町,町,6.881482804928329
12,千葉県,12349,東庄町,町,6.70846378421921
12,千葉県,12403,九十九里町,町,0.7937573705072787
12,千葉県,12409,芝山町,町,6.723319486425431
12,千葉県,12410,横芝光町,町,4.142025744765192
12,千葉県,12421,一宮町,町,7.26344274429762
12,千葉県,12422,睦沢町,町,11.058294757628786
12,千葉県,12423,長生村,村,1.2146755328300087
12,千葉県,12424,白子町,町,0.9905133791587609
12,千葉県,12426,長柄町,町,11.902017927389064
12,千葉県,12427,長南町,町,12.520020854205745
12,千葉県,12441,大多喜町,町,19.714327973321776
12,千葉県,12443,御宿町,町,15.06137854093412
12,千葉県,12463,鋸南町,町,29.152562065123316
13,東京都,13000,所属未定地,その他,39.7235816604599
13,東京都,13101,千代田区,区,4.887939707563263
13,東京都,13102,中央区,区,4.28401103444896
13,東京都,13103,港区,区,4.70435681011615
13,東京都,13104,新宿区,区,4.7586966549148
13,東京都,13105,文京区,区,4.759180149480517
13,東京都,13106,台東区,区,2.422157245413838
13,東京都,13107,墨田区,区,0.9941521532285743
13,東京都,13108,江東区,区,1.916257564811322
13,東京都,13109,品川区,区,3.2527006353459678
13,東京都,13110,目黒区,区,3.870970427696896
13,東京都,13111,大田区,区,2.5662857617915296
13,東京都,13112,世田谷区,区,2.9928954776410928
13,東京都,13113,渋谷区,区,4.48969057341809
13,東京都,13114,中野区,区,2.39599206692202
13,東京都,13115,杉並区,区,1.8410684425680068
13,東京都,13116,豊島区,区,3.1711436679511644
13,東京都,13117,北区,区,3.150221086342201
13,東京都,13118,荒川区,区,1.3457616890484176
13,東京都,13119,板橋区,区,3.4928060661044698
13,東京都,13120,練馬区,区,1.8421983107146358
13,東京都,13121,足立区,区,0.7576733383163516
13,東京都,13122,葛飾区,区,0.7944858095307248
13,東京都,13123,江戸川区,区,0.9663025251738891
13,東京都,13201,八王子市,市,26.55144593214178
13,東京都,13202,立川市,市,2.4073913442145334
13,東京都,13203,武蔵野市,市,1.4936588161117617
13,東京都,13204,三鷹市,市,2.1227315395551756
13,東京都,13205,青梅市,市,35.256390535573445
13,東京都,13206,府中市,市,2.5389686143742174
13,東京都,13207,昭島市,市,4.422563475774735
13,東京都,13208,調布市,市,2.9034929230267155
13,東京都,13209,町田市,市,9.751351816416355
13,東京都,13210,小金井市,市,2.5740246332458643
13,東京都,13211,小平市,市,1.6199496345175313
13,東京都,13212,日野市,市,8.281642278840435
13,東京都,13213,東村山市,市,3.1253061246228633
13,東京都,13214,国分寺市,市,2.603130884527134
13,東京都,13215,国立市,市,2.570961255456948
13,東京都,13218,福生市,市,3.5820080838526804
13,東京都,13219,狛江市,市,1.9778744694422807
13,東京都,13220,東大和市,市,4.962929588157574
13,東京都,13221,清瀬市,市,3.484699675703163
13,東京都,13222,東久留米市,市,2.5953128521011006
13,東京都,13223,武蔵村山市,市,4.460179826261454
13,東京都,13224,多摩市,市,10.037612377648223
13,東京都,13225,稲城市,市,12.520073230671724
13,東京都,13227,羽村市,市,5.457123363462862
13,東京都,13228,あきる野市,市,43.73016301436793
13,東京都,13229,西東京市,市,1.8408330728621602
13,東京都,13303,瑞穂町,町,5.110814332500154
13,東京都,13305,日の出町,町,36.142455075414034
13,東京都,13307,檜原村,村,78.90287112996363
13,東京都,13308,奥多摩町,町,96.10693930136642
13,東京都,13361,大島町,町,36.74522452022916
13,東京都,13362,利島村,村,102.12152241263539
13,東京都,13363,新島村,村,41.00394357646144
13,東京都,13364,神津島村,村,66.51093141866635
13,東京都,13381,三宅村,村,56.99085472680691
13,東京都,13382,御蔵島村,村,94.85060227929753
13,東京都,13401,八丈町,町,59.56333966934966
13,東京都,13402,青ヶ島村,村,44.61743272691965
13,東京都,13421,小笠原村,村,41.27862197991986
14,神奈川県,14101,横浜市,市,4.349739973062466
14,神奈川県,14102,横浜市,市,6.887678260418786
14,神奈川県,14103,横浜市,市,7.02810671124334
14,神奈川県,14104,横浜市,市,7.099838643417221
14,神奈川県,14105,横浜市,市,9.071688493068603
14,神奈川県,14106,横浜市,市,10.502592570589485
14,神奈川県,14107,横浜市,市,11.082548595079478
14,神奈川県,14108,横浜市,市,12.134919168973752
14,神奈川県,14109,横浜市,市,6.044967424961498
14,神奈川県,14110,横浜市,市,8.562227968587873
14,神奈川県,14111,横浜市,市,9.317904413013713
14,神奈川県,14112,横浜市,市,7.1508095689889295
14,神奈川県,14113,横浜市,市,8.701965096158458
14,神奈川県,14114,横浜市,市,4.245372976037344
14,神奈川県,14115,横浜市,市,11.166942782868807
14,神奈川県,14116,横浜市,市,5.308088124251687
14,神奈川県,14117,横浜市,市,8.083965775978978
14,神奈川県,14118,横浜市,市,7.2568084610053285
14,神奈川県,14131,川崎市,市,1.3758697337114036
14,神奈川県,14132,川崎市,市,1.612537060907531
14,神奈川県,14133,川崎市,市,1.9556815033566053
14,神奈川県,14134,川崎市,市,6.2664648191799515
14,神奈川県,14135,川崎市,市,8.420923763443401
14,神奈川県,14136,川崎市,市,8.820831657442762
14,神奈川県,14137,川崎市,市,9.021736120326203
14,神奈川県,14151,相模原市,市,54.427716207460165
14,神奈川県,14152,相模原市,市,4.255837756456317
14,神奈川県,14153,相模原市,市,4.327587161024862
14,神奈川県,14201,横須賀市,市,17.327149447230767
14,神奈川県,14203,平塚市,市,5.978461841495244
14,神奈川県,14204,鎌倉市,市,14.27448475035053
14,神奈川県,14205,藤沢市,市,5.677627337168786
14,神奈川県,14206,小田原市,市,32.73402651491631
14,神奈川県,14207,茅ヶ崎市,市,3.7248255296174375
14,神奈川県,14208,逗子市,市,17.16815184937151
14,神奈川県,14210,三浦市,市,8.750895554887279
14,神奈川県,14211,秦野市,市,46.2745621025789
14,神奈川県,14212,厚木市,市,19.454639640923254
14,神奈川県,14213,大和市,市,3.2407029635509157
14,神奈川県,14214,伊勢原市,市,29.755050109588524
14,神奈川県,14215,海老名市,市,4.455346535835532
14,神奈川県,14216,座間市,市,4.509699551346527
14,神奈川県,14217,南足柄市,市,41.75085620762818
14,神奈川県,14218,綾瀬市,市,4.547901810814805
14,神奈川県,14301,葉山町,町,28.270731176440638
14,神奈川県,14321,寒川町,町,2.3837814822708827
14,神奈川県,14341,大磯町,町,20.520915000534057
14,神奈川県,14342,二宮町,町,20.650734519360324
14,神奈川県,14361,中井町,町,22.374869804985643
14,神奈川県,14362,大井町,町,19.30718093150795
14,神奈川県,14363,松田町,町,67.88747399784296
14,神奈川県,14364,山北町,町,72.96753522714015
14,神奈川県,14366,開成町,町,2.8757046726799613
14,神奈川県,14382,箱根町,町,62.39500882137333
14,神奈川県,14383,真鶴町,町,43.13972561157708
14,神奈川県,14384,湯河原町,町,66.03079878295125
14,神奈川県,14401,愛川町,町,35.00533300324229
14,神奈川県,14402,清川村,村,69.66394902950722
15,新潟県,15101,新潟市,市,1.113563015606078
15,新潟県,15102,新潟市,市,1.1338147662653706
15,新潟県,15103,新潟市,市,1.219704568641281
15,新潟県,15104,新潟市,市,0.9661624481042969
15,新潟県,15105,新潟市,市,4.970613006451049
15,新潟県,15106,新潟市,市,0.6294706723812666
15,新潟県,15107,新潟市,市,2.1530412309676477
15,新潟県,15108,新潟市,市,10.436686744540081
15,新潟県,15202,長岡市,市,23.057778555572323
15,新潟県,15204,三条市,市,43.7272513205678
15,新潟県,15205,柏崎市,市,31.641442514992317
15,新潟県,15206,新発田市,市,44.25802556023887
15,新潟県,15208,小千谷市,市,26.40910581772586
15,新潟県,15209,加茂市,市,39.61991554086072
15,新潟県,15210,十日町市,市,37.68480788782409
15,新潟県,15211,見附市,市,11.07426249676313
15,新潟県,15212,村上市,市,57.73885679576464
15,新潟県,15213,燕市,市,3.2611396932245955
15,新潟県,15216,糸魚川市,市,74.44851513824916
15,新潟県,15217,妙高市,市,52.721776485251304
15,新潟県,15218,五泉市,市,52.165104389067956
15,新潟県,15222,上越市,市,32.800913962491485
15,新潟県,15223,阿賀野市,市,20.650375941373014
15,新潟県,15224,佐渡市,市,44.774629158688995
15,新潟県,15225,魚沼市,市,65.95398293047043
15,新潟県,15226,南魚沼市,市,70.31027295147881
15,新潟県,15227,胎内市,市,50.974972618648316
15,新潟県,15307,聖籠町,町,1.5428917124145944
15,新潟県,15342,弥彦村,村,20.83045207753527
15,新潟県,15361,田上町,町,13.48186362916757
15,新潟県,15385,阿賀町,町,64.58117846770523
15,新潟県,15405,出雲崎町,町,18.907507119910623
15,新潟県,15461,湯沢町,町,83.5702368524823
15,新潟県,15482,津南町,町,48.97236407219443
15,新潟県,15504,刈羽村,村,14.542101453872446
15,新潟県,15581,関川村,村,60.50481512767432
15,新潟県,15586,粟島浦村,村,44.71065978172313
16,富山県,16201,富山市,市,57.639521955571674
16,富山県,16202,高岡市,市,11.66851891308634
16,富山県,16204,魚津市,市,72.70459983533894
16,富山県,16205,氷見市,市,27.063687234062524
16,富山県,16206,滑川市,市,14.392250525983119
16,富山県,16207,黒部市,市,100.8257055715838
16,富山県,16208,砺波市,市,17.710154482829633
16,富山県,16209,小矢部市,市,16.485889902573252
16,富山県,16210,南砺市,市,66.16912889325616
16,富山県,16211,射水市,市,3.811538740921539
16,富山県,16321,舟橋村,村,1.5742379933918793
16,富山県,16322,上市町,町,81.73889534869127
16,富山県,16323,立山町,町,82.56646015857967
16,富山県,16342,入善町,町,11.538441231187981
16,富山県,16343,朝日町,町,83.53179836119769
17,石川県,17201,金沢市,市,42.03768328489829
17,石川県,17202,七尾市,市,21.70340984914428
17,石川県,17203,小松市,市,34.33187189529214
17,石川県,17204,輪島市,市,31.744612637967855
17,石川県,17205,珠洲市,市,25.545869170346037
17,石川県,17206,加賀市,市,42.262191403235036
17,石川県,17207,羽咋市,市,15.460949042215741
17,石川県,17209,かほく市,市,15.184843355813472
17,石川県,17210,白山市,市,75.35633610239928
17,石川県,17211,能美市,市,16.274963617957315
17,石川県,17212,野々市市,市,1.9057495513325646
17,石川県,17324,川北町,町,1.769138940965226
17,石川県,17361,津幡町,町,22.531953226644546
17,石川県,17365,内灘町,町,6.3662737940886185
17,石川県,17384,志賀町,町,17.0206725622573
17,石川県,17386,宝達志水町,町,26.164764754516927
17,石川県,17407,中能登町,町,24.255047605378962
17,石川県,17461,穴水町,町,15.94864575946058
17,石川県,17463,能登町,町,19.561709898832735
18,福井県,18201,福井市,市,39.10777171782058
18,福井県,18202,敦賀市,市,56.63900849309254
18,福井県,18204,小浜市,市,59.59418078609532
18,福井県,18205,大野市,市,75.11625557208343
18,福井県,18206,勝山市,市,64.42685943634893
18,福井県,18207,鯖江市,市,27.837850750788373
18,福井県,18208,あわら市,市,18.069692230300017
18,福井県,18209,越前市,市,38.89507861832058
18,福井県,18210,坂井市,市,25.44369389634143
18,福井県,18322,永平寺町,町,54.782203340320734
18,福井県,18382,池田町,町,63.44825200322563
18,福井県,18404,南越前町,町,64.48668325859713
18,福井県,18423,越前町,町,37.86164459616975
18,福井県,18442,美浜町,町,60.523562588160935
18,福井県,18481,高浜町,町,54.28263738616601
18,福井県,18483,おおい町,町,63.89205927515638
18,福井県,18501,若狭町,町,51.98141908281634
19,山梨県,19201,甲府市,市,50.762580555570565
19,山梨県,19202,富士吉田市,市,43.27388703648153
19,山梨県,19204,都留市,市,67.54635289777949
19,山梨県,19205,山梨市,市,66.61496180146602
19,山梨県,19206,大月市,市,75.67646620887541
19,山梨県,19207,韮崎市,市,55.01652609349649
19,山梨県,19208,南アルプス市,市,85.89168531039441
19,山梨県,19209,北杜市,市,57.77945227926476
19,山梨県,19210,甲斐市,市,31.10324905197049
19,山梨県,19211,笛吹市,市,55.0806357639444
19,山梨県,19212,上野原市,市,65.92034148748216
19,山梨県,19213,甲州市,市,60.56855986554635
19,山梨県,19214,中央市,市,19.16185760116478
19,山梨県,19346,市川三郷町,町,60.97084894194947
19,山梨県,19364,早川町,町,122.03172962112839
19,山梨県,19365,身延町,町,83.3597716995609
19,山梨県,19366,南部町,町,82.35202540607409
19,山梨県,19368,富士川町,町,78.99608235523554
19,山梨県,19384,昭和町,町,1.648080576841946
19,山梨県,19422,道志村,村,77.02238417726667
19,山梨県,19423,西桂町,町,71.61554482744634
19,山梨県,19424,忍野村,村,36.69423781201281
19,山梨県,19425,山中湖村,村,27.96810329469625
19,山梨県,19429,鳴沢村,村,45.90211125112932
19,山梨県,19430,富士河口湖町,町,46.60458984478961
19,山梨県,19442,小菅村,村,86.12764937592827
19,山梨県,19443,丹波山村,村,100.80126167268298
20,長野県,20201,長野市,市,49.93586679511095
20,長野県,20202,松本市,市,79.51423404064424
20,長野県,20203,上田市,市,55.46538555686633
20,長野県,20204,岡谷市,市,44.293244533265806
20,長野県,20205,飯田市,市,82.89507542353903
20,長野県,20206,諏訪市,市,37.29826158128275
20,長野県,20207,須坂市,市,58.86984089919408
20,長野県,20208,小諸市,市,33.101194785842274
20,長野県,20209,伊那市,市,75.66782173793572
20,長野県,20210,駒ヶ根市,市,64.0983766222804
20,長野県,20211,中野市,市,35.17260208200717
20,長野県,20212,大町市,市,89.03192981509714
20,長野県,20213,飯山市,市,42.1966083308744
20,長野県,20214,茅野市,市,42.65708165793836
20,長野県,20215,塩尻市,市,61.40787421845506
20,長野県,20217,佐久市,市,33.10871074996727
20,長野県,20218,千曲市,市,50.122672827181106
20,長野県,20219,東御市,市,45.06768205302049
20,長野県,20220,安曇野市,市,60.03907980946192
20,長野県,20303,小海町,町,42.25042641353256
20,長野県,20304,川上村,村,64.42802783264825
20,長野県,20305,南牧村,村,41.7532098431019
20,長野県,20306,南相木村,村,67.17880419941483
20,長野県,20307,北相木村,村,62.498395633064305
20,長野県,20309,佐久穂町,町,46.65282260188036
20,長野県,20321,軽井沢町,町,32.204022024965404
20,長野県,20323,御代田町,町,37.82754143321806
20,長野県,20324,立科町,町,33.083975215644806
20,長野県,20349,青木村,村,64.0077432507242
20,長野県,20350,長和町,町,54.02611914556824
20,長野県,20361,下諏訪町,町,52.9878076454342
20,長野県,20362,富士見町,町,52.87377312862431
20,長野県,20363,原村,村,26.778335022903985
20,長野県,20382,辰野町,町,71.42824796283836
20,長野県,20383,箕輪町,町,45.4909375353326
20,長野県,20384,飯島町,町,66.68332172467127
20,長野県,20385,南箕輪村,村,52.257543085159064
20,長野県,20386,中川村,村,52.08517534063924
20,長野県,20388,宮田村,村,81.49807226978537
20,長野県,20402,松川町,町,48.63152434018414
20,長野県,20403,高森町,町,43.062596830051525
20,長野県,20404,阿南町,町,59.16541526032012
20,長野県,20407,阿智村,村,63.294223712765245
20,長野県,20409,平谷村,村,55.27151080188847
20,長野県,20410,根羽村,村,53.287304793149595
20,長野県,20411,下條村,村,43.35428184436679
20,長野県,20412,売木村,村,45.12381697167749
20,長野県,20413,天龍村,村,78.27339145835074
20,長野県,20414,泰阜村,村,62.57596813019092
20,長野県,20415,喬木村,村,54.176636465799206
20,長野県,20416,豊丘村,村,48.3553571523751
20,長野県,20417,大鹿村,村,109.29195286824721
20,長野県,20422,上松町,町,72.20754867295676
20,長野県,20423,南木曽町,町,72.53519936832849
20,長野県,20425,木祖村,村,73.5503046049287
20,長野県,20429,王滝村,村,64.41669369658653
20,長野県,20430,大桑村,村,92.43136163140633
20,長野県,20432,木曽町,町,62.49098125850018
20,長野県,20446,麻績村,村,50.62815561165134
20,長野県,20448,生坂村,村,58.566690029541014
20,長野県,20450,山形村,村,35.41922393562179
20,長野県,20451,朝日村,村,75.6202620460379
20,長野県,20452,筑北村,村,53.46785939275073
20,長野県,20481,池田町,町,35.92131770080573
20,長野県,20482,松川村,村,47.46591041724042
20,長野県,20485,白馬村,村,77.43799437366631
20,長野県,20486,小谷村,村,82.62287407419568
20,長野県,20521,坂城町,町,59.27441713951654
20,長野県,20541,小布施町,町,13.831651660891474
20,長野県,20543,高山村,村,74.13612517211992
20,長野県,20561,山ノ内町,町,69.03732792655802
20,長野県,20562,木島平村,村,52.30388076483225
20,長野県,20563,野沢温泉村,村,63.776514941390985
20,長野県,20583,信濃町,町,42.74279819899159
20,長野県,20588,小川村,村,48.90698469476954
20,長野県,20590,飯綱町,町,28.958331754605553
20,長野県,20602,栄村,村,71.37572790111771
21,岐阜県,21201,岐阜市,市,18.636651216879905
21,岐阜県,21202,大垣市,市,34.6278797009367
21,岐阜県,21203,高山市,市,66.88912415921145
21,岐阜県,21204,多治見市,市,21.79113842528965
21,岐阜県,21205,関市,市,55.10938318739737
21,岐阜県,21206,中津川市,市,60.67869442939082
21,岐阜県,21207,美濃市,市,53.26087591779829
21,岐阜県,21208,瑞浪市,市,31.779000203120084
21,岐阜県,21209,羽島市,市,1.1226813232053667
21,岐阜県,21210,恵那市,市,43.35594172317425
21,岐阜県,21211,美濃加茂市,市,19.43089277599099
21,岐阜県,21212,土岐市,市,22.934377792982815
21,岐阜県,21213,各務原市,市,13.53235707024063
21,岐阜県,21214,可児市,市,14.897772836755196
21,岐阜県,21215,山県市,市,53.80522244979236
21,岐阜県,21216,瑞穂市,市,0.9070561229621054
21,岐阜県,21217,飛騨市,市,72.19295026356909
21,岐阜県,21218,本巣市,市,76.50814773317467
21,岐阜県,21219,郡上市,市,59.37285989959676
21,岐阜県,21220,下呂市,市,69.77265407858361
21,岐阜県,21221,海津市,市,22.033183879585863
21,岐阜県,21302,岐南町,町,0.5815970534040542
21,岐阜県,21303,笠松町,町,1.7764502025456645
21,岐阜県,21341,養老町,町,24.54321188614375
21,岐阜県,21361,垂井町,町,36.25661569211237
21,岐阜県,21362,関ケ原町,町,43.30025029549946
21,岐阜県,21381,神戸町,町,1.142356200278027
21,岐阜県,21382,輪之内町,町,0.8629719656706818
21,岐阜県,21383,安八町,町,1.2247002434496852
21,岐阜県,21401,揖斐川町,町,79.25724147546104
21,岐阜県,21403,大野町,町,13.788997602904178
21,岐阜県,21404,池田町,町,35.17479191328257
21,岐阜県,21421,北方町,町,1.061908950172971
21,岐阜県,21501,坂祝町,町,21.471345440815448
21,岐阜県,21502,富加町,町,18.204357077443447
21,岐阜県,21503,川辺町,町,33.15229637268797
21,岐阜県,21504,七宗町,町,49.66274748391284
21,岐阜県,21505,八百津町,町,39.86251270574452
21,岐阜県,21506,白川町,町,61.58671027718558
21,岐阜県,21507,東白川村,村,59.869014890454054
21,岐阜県,21521,御嵩町,町,25.6478430169768
21,岐阜県,21604,白川村,村,100.70031715211326
22,静岡県,22101,静岡市,市,95.27027574476547
22,静岡県,22102,静岡市,市,27.848528045821105
22,静岡県,22103,静岡市,市,58.524645562480444
22,静岡県,22138,浜松市,市,3.1527337056679947
22,静岡県,22139,浜松市,市,28.87852530600851
22,静岡県,22140,浜松市,市,81.53268025571101
22,静岡県,22203,沼津市,市,39.88541163764812
22,静岡県,22205,熱海市,市,58.48935280988941
22,静岡県,22206,三島市,市,19.610730593599367
22,静岡県,22207,富士宮市,市,43.3375539555268
22,静岡県,22208,伊東市,市,41.842162821797984
22,静岡県,22209,島田市,市,50.508641066935766
22,静岡県,22210,富士市,市,29.451815723015095
22,静岡県,22211,磐田市,市,7.642072271401674
22,静岡県,22212,焼津市,市,8.910357106970672
22,静岡県,22213,掛川市,市,23.493281798452827
22,静岡県,22214,藤枝市,市,40.219270977731696
22,静岡県,22215,御殿場市,市,26.79645393250984
22,静岡県,22216,袋井市,市,8.288846349392465
22,静岡県,22219,下田市,市,46.37040639183908
22,静岡県,22220,裾野市,市,34.074928367005796
22,静岡県,22221,湖西市,市,13.23980805942646
22,静岡県,22222,伊豆市,市,48.57091372116015
22,静岡県,22223,御前崎市,市,11.557510376327057
22,静岡県,22224,菊川市,市,11.76740588388157
22,静岡県,22225,伊豆の国市,市,29.993854840393197
22,静岡県,22226,牧之原市,市,15.478593373656794
22,静岡県,22301,東伊豆町,町,65.74178139483824
22,静岡県,22302,河津町,町,62.73235200578194
22,静岡県,22304,南伊豆町,町,39.96563092079815
22,静岡県,22305,松崎町,町,58.51199883462376
22,静岡県,22306,西伊豆町,町,72.59370843353749
22,静岡県,22325,函南町,町,33.528082898649984
22,静岡県,22341,清水町,町,9.894157683932615
22,静岡県,22342,長泉町,町,25.700750091274895
22,静岡県,22344,小山町,町,42.99744837189795
22,静岡県,22424,吉田町,町,2.4298880525507434
22,静岡県,22429,川根本町,町,104.34976835869998
22,静岡県,22461,森町,町,42.74909159069325
23,愛知県,23000,所属未定地,その他,1.9251133780926466
23,愛知県,23101,名古屋市,市,6.669115757866249
23,愛知県,23102,名古屋市,市,2.0587355552262556
23,愛知県,23103,名古屋市,市,1.1019204849136108
23,愛知県,23104,名古屋市,市,1.055983046539047
23,愛知県,23105,名古屋市,市,0.7762015825779099
23,愛知県,23106,名古屋市,市,2.341694551771426
23,愛知県,23107,名古屋市,市,3.7519562130379147
23,愛知県,23108,名古屋市,市,3.4872701830538952
23,愛知県,23109,名古屋市,市,1.7153654153225306
23,愛知県,23110,名古屋市,市,0.6477807900443078
23,愛知県,23111,名古屋市,市,0.887511401542108
23,愛知県,23112,名古屋市,市,1.4479037709166025
23,愛知県,23113,名古屋市,市,7.356891359611974
23,愛知県,23114,名古屋市,市,6.362542665924236
23,愛知県,23115,名古屋市,市,6.476386483365249
23,愛知県,23116,名古屋市,市,7.820219571056845
23,愛知県,23201,豊橋市,市,12.866768190020187
23,愛知県,23202,岡崎市,市,27.982310521599253
23,愛知県,23203,一宮市,市,0.9464332167256663
23,愛知県,23204,瀬戸市,市,22.29304959398014
23,愛知県,23205,半田市,市,5.471098197080831
23,愛知県,23206,春日井市,市,11.005036710161335
23,愛知県,23207,豊川市,市,21.300446214007717
23,愛知県,23208,津島市,市,0.6574047181188392
23,愛知県,23209,碧南市,市,1.6276939205325736
23,愛知県,23210,刈谷市,市,2.211143422498748
23,愛知県,23211,豊田市,市,30.92356540655362
23,愛知県,23212,安城市,市,1.5018981597503476
23,愛知県,23213,西尾市,市,10.66320236494941
23,愛知県,23214,蒲郡市,市,32.08376543233025
23,愛知県,23215,犬山市,市,16.221187548203723
23,愛知県,23216,常滑市,市,7.551632718893611
23,愛知県,23217,江南市,市,1.08749996652336
23,愛知県,23219,小牧市,市,7.436013045326912
23,愛知県,23220,稲沢市,市,0.8643423469769127
23,愛知県,23221,新城市,市,46.580969927935065
23,愛知県,23222,東海市,市,4.650013320926401
23,愛知県,23223,大府市,市,5.062277239609957
23,愛知県,23224,知多市,市,5.35070122752052
23,愛知県,23225,知立市,市,2.3512346119213277
23,愛知県,23226,尾張旭市,市,6.118245662771839
23,愛知県,23227,高浜市,市,1.9813505947779946
23,愛知県,23228,岩倉市,市,0.7850667029074985
23,愛知県,23229,豊明市,市,5.021774800883245
23,愛知県,23230,日進市,市,8.51127029729089
23,愛知県,23231,田原市,市,16.442786191297657
23,愛知県,23232,愛西市,市,0.7685378713258311
23,愛知県,23233,清須市,市,0.9610451976483435
23,愛知県,23234,北名古屋市,市,0.7588069256734497
23,愛知県,23235,弥富市,市,0.8308203975034407
23,愛知県,23236,みよし市,市,7.006276911476361
23,愛知県,23237,あま市,市,0.5858240559014274
23,愛知県,23238,長久手市,市,8.039038299048464
23,愛知県,23302,東郷町,町,6.992959815951912
23,愛知県,23342,豊山町,町,1.2409224117671473
23,愛知県,23361,大口町,町,1.4268608372143534
23,愛知県,23362,扶桑町,町,1.6316915225445945
23,愛知県,23424,大治町,町,0.7048598786210251
23,愛知県,23425,蟹江町,町,0.5902164013849887
23,愛知県,23427,飛島村,村,0.9726019033403823
23,愛知県,23441,阿久比町,町,7.04913487083874
23,愛知県,23442,東浦町,町,5.490536990732597
23,愛知県,23445,南知多町,町,13.627906524328255
23,愛知県,23446,美浜町,町,8.665750995107986
23,愛知県,23447,武豊町,町,7.383917024191664
23,愛知県,23501,幸田町,町,23.731615746381134
23,愛知県,23561,設楽町,町,48.100830645059865
23,愛知県,23562,東栄町,町,62.58587886966406
23,愛知県,23563,豊根村,村,66.61902403084916
24,三重県,24201,津市,市,34.34013790023264
24,三重県,24202,四日市市,市,9.637076322585086
24,三重県,24203,伊勢市,市,30.78923746326825
24,三重県,24204,松阪市,市,51.224446494355696
24,三重県,24205,桑名市,市,12.231752987838187
24,三重県,24207,鈴鹿市,市,13.675865478345832
24,三重県,24208,名張市,市,30.258488412546054
24,三重県,24209,尾鷲市,市,79.05638863551536
24,三重県,24210,亀山市,市,33.57699930537045
24,三重県,24211,鳥羽市,市,32.5144164371591
24,三重県,24212,熊野市,市,69.50122100896492
24,三重県,24214,いなべ市,市,36.69296651659773
24,三重県,24215,志摩市,市,21.673962467197335
24,三重県,24216,伊賀市,市,25.8763883750092
24,三重県,24303,木曽岬町,町,0.7227316140333089
24,三重県,24324,東員町,町,6.038206501716799
24,三重県,24341,菰野町,町,34.1362910129886
24,三重県,24343,朝日町,町,8.25480585473289
24,三重県,24344,川越町,町,1.2746462066900353
24,三重県,24441,多気町,町,29.298350885080044
24,三重県,24442,明和町,町,2.6934170941579603
24,三重県,24443,大台町,町,80.8402380503083
24,三重県,24461,玉城町,町,13.455895873670245
24,三重県,24470,度会町,町,54.84495254577635
24,三重県,24471,大紀町,町,62.00742929702673
24,三重県,24472,南伊勢町,町,54.5261470069377
24,三重県,24543,紀北町,町,78.67573117813586
24,三重県,24561,御浜町,町,47.02712806156173
24,三重県,24562,紀宝町,町,55.913139305881884
25,滋賀県,25201,大津市,市,34.98934888965576
25,滋賀県,25202,彦根市,市,6.901668629880929
25,滋賀県,25203,長浜市,市,41.32011634578549
25,滋賀県,25204,近江八幡市,市,8.180171917972393
25,滋賀県,25206,草津市,市,2.370458872819099
25,滋賀県,25207,守山市,市,0.9781765931220321
25,滋賀県,25208,栗東市,市,20.74216498229405
25,滋賀県,25209,甲賀市,市,28.715253845074635
25,滋賀県,25210,野洲市,市,7.54111644807546
25,滋賀県,25211,湖南市,市,25.299707549607472
25,滋賀県,25212,高島市,市,36.30265696417744
25,滋賀県,25213,東近江市,市,37.89781840667844
25,滋賀県,25214,米原市,市,47.27256892781311
25,滋賀県,25383,日野町,町,21.487605476851726
25,滋賀県,25384,竜王町,町,11.986222329445544
25,滋賀県,25425,愛荘町,町,13.759666030979389
25,滋賀県,25441,豊郷町,町,1.4165181297978848
25,滋賀県,25442,甲良町,町,7.050606351595177
25,滋賀県,25443,多賀町,町,56.76496117280225
26,京都府,26101,京都市,市,44.11729900292624
26,京都府,26102,京都市,市,3.3101822407032753
26,京都府,26103,京都市,市,52.818422146113186
26,京都府,26104,京都市,市,2.488733988124448
26,京都府,26105,京都市,市,20.900540915656254
26,京都府,26106,京都市,市,2.2199088626969097
26,京都府,26107,京都市,市,1.3261548215226409
26,京都府,26108,京都市,市,45.819514230080415
26,京都府,26109,京都市,市,16.509021458101525
26,京都府,26110,京都市,市,33.78758548271041
26,京都府,26111,京都市,市,35.15980248998607
26,京都府,26201,福知山市,市,44.84078092675522
26,京都府,26202,舞鶴市,市,47.29283859990144
26,京都府,26203,綾部市,市,42.63880352541671
26,京都府,26204,宇治市,市,28.724059319855186
26,京都府,26205,宮津市,市,49.02916700968735
26,京都府,26206,亀岡市,市,39.160768846235875
26,京都府,26207,城陽市,市,12.61320016708472
26,京都府,26208,向日市,市,6.16306046628933
26,京都府,26209,長岡京市,市,18.91473416613743
26,京都府,26210,八幡市,市,7.308085212067049
26,京都府,26211,京田辺市,市,13.106984795144635
26,京都府,26212,京丹後市,市,35.49804807737642
26,京都府,26213,南丹市,市,53.97865991725734
26,京都府,26214,木津川市,市,20.944802695279254
26,京都府,26303,大山崎町,町,23.44370973813259
26,京都府,26322,久御山町,町,2.023091991900171
26,京都府,26343,井手町,町,29.880125339304808
26,京都府,26344,宇治田原町,町,38.66544907645229
26,京都府,26364,笠置町,町,54.56613898695487
26,京都府,26365,和束町,町,41.19599637552956
26,京都府,26366,精華町,町,9.438461444857655
26,京都府,26367,南山城村,村,30.397956703345407
26,京都府,26407,京丹波町,町,46.11164627698455
26,京都府,26463,伊根町,町,50.13529660031991
26,京都府,26465,与謝野町,町,43.446491560429486
27,大阪府,27102,大阪市,市,1.3773360337538538
27,大阪府,27103,大阪市,市,1.3470498779058762
27,大阪府,27104,大阪市,市,1.601966619245095
27,大阪府,27106,大阪市,市,1.8036408239042199
27,大阪府,27107,大阪市,市,1.7352846850071566
27,大阪府,27108,大阪市,市,1.8693038390955279
27,大阪府,27109,大阪市,市,4.052366360121565
27,大阪府,27111,大阪市,市,1.8790542309446856
27,大阪府,27113,大阪市,市,1.1286249531387815
27,大阪府,27114,大阪市,市,1.3873348639346967
27,大阪府,27115,大阪市,市,0.8477926246787679
27,大阪府,27116,大阪市,市,0.7410946880222767
27,大阪府,27117,大阪市,市,0.9718280691810455
27,大阪府,27118,大阪市,市,0.8426113209361635
27,大阪府,27119,大阪市,市,2.3081020803089918
27,大阪府,27120,大阪市,市,1.8489409982342926
27,大阪府,27121,大阪市,市,0.9954965266592686
27,大阪府,27122,大阪市,市,1.118734628258623
27,大阪府,27123,大阪市,市,1.2350669074242453
27,大阪府,27124,大阪市,市,1.1073248655917374
27,大阪府,27125,大阪市,市,1.673105099313586
27,大阪府,27126,大阪市,市,1.005672854975842
27,大阪府,27127,大阪市,市,2.390576852397489
27,大阪府,27128,大阪市,市,3.688390514894076
27,大阪府,27141,堺市,市,2.1689268935068413
27,大阪府,27142,堺市,市,3.7029317187187702
27,大阪府,27143,堺市,市,3.5496998760642673
27,大阪府,27144,堺市,市,2.8526110348304003
27,大阪府,27145,堺市,市,9.956215876837511
27,大阪府,27146,堺市,市,1.85778980697447
27,大阪府,27147,堺市,市,4.284766747971944
27,大阪府,27202,岸和田市,市,20.089581546040677
27,大阪府,27203,豊中市,市,5.153271343674289
27,大阪府,27204,池田市,市,27.803044654691895
27,大阪府,27205,吹田市,市,5.7094745541049425
27,大阪府,27206,泉大津市,市,1.4978133103357458
27,大阪府,27207,高槻市,市,22.211743699670286
27,大阪府,27208,貝塚市,市,27.23504712103909
27,大阪府,27209,守口市,市,1.4432269382981362
27,大阪府,27210,枚方市,市,7.976158234495966
27,大阪府,27211,茨木市,市,22.240497194811155
27,大阪府,27212,八尾市,市,12.680072857613105
27,大阪府,27213,泉佐野市,市,24.361032873511927
27,大阪府,27214,富田林市,市,13.283775208562401
27,大阪府,27215,寝屋川市,市,3.5251726968701984
27,大阪府,27216,河内長野市,市,43.53288133782451
27,大阪府,27217,松原市,市,1.8464923023235182
27,大阪府,27218,大東市,市,14.495860240709542
27,大阪府,27219,和泉市,市,26.244494022220746
27,大阪府,27220,箕面市,市,32.7763706589613
27,大阪府,27221,柏原市,市,28.534241118085177
27,大阪府,27222,羽曳野市,市,9.68393886114748
27,大阪府,27223,門真市,市,0.8859424206925434
27,大阪府,27224,摂津市,市,1.3081369892454737
27,大阪府,27225,高石市,市,1.617967060373436
27,大阪府,27226,藤井寺市,市,2.9782489440127775
27,大阪府,27227,東大阪市,市,13.568933459805383
27,大阪府,27228,泉南市,市,24.500106086479427
27,大阪府,27229,四條畷市,市,20.35573793390847
27,大阪府,27230,交野市,市,21.6185278799111
27,大阪府,27231,大阪狭山市,市,7.404852171489028
27,大阪府,27232,阪南市,市,30.318719331436316
27,大阪府,27301,島本町,町,35.83333621164718
27,大阪府,27321,豊能町,町,40.08596605108377
27,大阪府,27322,能勢町,町,45.84377269855642
27,大阪府,27341,忠岡町,町,1.5369574417478087
27,大阪府,27361,熊取町,町,15.214763194362801
27,大阪府,27362,田尻町,町,1.1039421769047828
27,大阪府,27366,岬町,町,32.25817535887961
27,大阪府,27381,太子町,町,27.296044208481412
27,大阪府,27382,河南町,町,33.333441876118215
27,大阪府,27383,千早赤阪村,村,49.63678288678829
28,兵庫県,28101,神戸市,市,27.555708376643686
28,兵庫県,28102,神戸市,市,48.6100912451207
28,兵庫県,28105,神戸市,市,22.03763038413013
28,兵庫県,28106,神戸市,市,19.925293407421112
28,兵庫県,28107,神戸市,市,21.456222923314492
28,兵庫県,28108,神戸市,市,15.779725628922149
28,兵庫県,28109,神戸市,市,28.324359747607662
28,兵庫県,28110,神戸市,市,21.674182485625558
28,兵庫県,28111,神戸市,市,11.700022873392571
28,兵庫県,28201,姫路市,市,36.58447299471817
28,兵庫県,28202,尼崎市,市,0.9979709597561918
28,兵庫県,28203,明石市,市,5.077974257877288
28,兵庫県,28204,西宮市,市,27.783490293169745
28,兵庫県,28205,洲本市,市,32.98467147457893
28,兵庫県,28206,芦屋市,市,34.805666940494596
28,兵庫県,28207,伊丹市,市,2.136679609555673
28,兵庫県,28208,相生市,市,36.366958325945085
28,兵庫県,28209,豊岡市,市,46.43005985699591
28,兵庫県,28210,加古川市,市,13.201900690726184
28,兵庫県,28212,赤穂市,市,40.80821910867134
28,兵庫県,28213,西脇市,市,43.18132352388752
28,兵庫県,28214,宝塚市,市,30.19501089456341
28,兵庫県,28215,三木市,市,14.50989081887433
28,兵庫県,28216,高砂市,市,11.073595987251739
28,兵庫県,28217,川西市,市,26.719422429961984
28,兵庫県,28218,小野市,市,10.158326154887016
28,兵庫県,28219,三田市,市,34.493763872947206
28,兵庫県,28220,加西市,市,20.066150256275378
28,兵庫県,28221,丹波篠山市,市,42.812255278196226
28,兵庫県,28222,養父市,市,67.32457165601673
28,兵庫県,28223,丹波市,市,54.48371838905434
28,兵庫県,28224,南あわじ市,市,29.484045571824428
28,兵庫県,28225,朝来市,市,61.70312472046463
28,兵庫県,28226,淡路市,市,28.963391739533655
28,兵庫県,28227,宍粟市,市,65.87267449690252
28,兵庫県,28228,加東市,市,21.168709336223465
28,兵庫県,28229,たつの市,市,37.81544752051681
28,兵庫県,28301,猪名川町,町,41.30951877285124
28,兵庫県,28365,多可町,町,55.77146704077165
28,兵庫県,28381,稲美町,町,3.3322827948338376
28,兵庫県,28382,播磨町,町,1.6159921252606428
28,兵庫県,28442,市川町,町,45.991241198011224
28,兵庫県,28443,福崎町,町,31.7162723904074
28,兵庫県,28446,神河町,町,70.40046016543965
28,兵庫県,28464,太子町,町,18.57568539225561
28,兵庫県,28481,上郡町,町,44.157762896531565
28,兵庫県,28501,佐用町,町,42.301568832049426
28,兵庫県,28585,香美町,町,59.93061628201287
28,兵庫県,28586,新温泉町,町,54.31905702398223
29,奈良県,29201,奈良市,市,22.051244387241454
29,奈良県,29202,大和高田市,市,1.6998600462724354
29,奈良県,29203,大和郡山市,市,7.056033028412235
29,奈良県,29204,天理市,市,20.15382362958113
29,奈良県,29205,橿原市,市,4.867329347918573
29,奈良県,29206,桜井市,市,39.029895599061895
29,奈良県,29207,五條市,市,64.75124923702386
29,奈良県,29208,御所市,市,36.99481194108837
29,奈良県,29209,生駒市,市,22.73686509890531
29,奈良県,29210,香芝市,市,14.43775299361919
29,奈良県,29211,葛城市,市,29.97835490480974
29,奈良県,29212,宇陀市,市,38.26612466032662
29,奈良県,29322,山添村,村,29.633319034097347
29,奈良県,29342,平群町,町,28.45942894993181
29,奈良県,29343,三郷町,町,24.060335034554825
29,奈良県,29344,斑鳩町,町,14.168363236820436
29,奈良県,29345,安堵町,町,1.3879258698830423
29,奈良県,29361,川西町,町,1.130298532674888
29,奈良県,29362,三宅町,町,0.8132594854117954
29,奈良県,29363,田原本町,町,0.9255264291538382
29,奈良県,29385,曽爾村,村,56.390595591241244
29,奈良県,29386,御杖村,村,45.53808727923514
29,奈良県,29401,高取町,町,29.6035966900983
29,奈良県,29402,明日香村,村,36.170011307962405
29,奈良県,29424,上牧町,町,6.987842771697943
29,奈良県,29425,王寺町,町,23.357608043682283
29,奈良県,29426,広陵町,町,2.488612588611991
29,奈良県,29427,河合町,町,5.8824690239366415
29,奈良県,29441,吉野町,町,43.61655724503691
29,奈良県,29442,大淀町,町,25.785615467877445
29,奈良県,29443,下市町,町,41.30043716901379
29,奈良県,29444,黒滝村,村,69.8979977384063
29,奈良県,29446,天川村,村,84.56385962095509
29,奈良県,29447,野迫川村,村,69.38371053414849
29,奈良県,29449,十津川村,村,91.84460651267298
29,奈良県,29450,下北山村,村,90.80018056557225
29,奈良県,29451,上北山村,村,97.91123812971033
29,奈良県,29452,川上村,村,93.41158290681342
29,奈良県,29453,東吉野村,村,67.06510147716959
30,和歌山県,30201,和歌山市,市,18.164940262899705
30,和歌山県,30202,海南市,市,43.84769265923418
30,和歌山県,30203,橋本市,市,40.52244229842121
30,和歌山県,30204,有田市,市,36.0226972166709
30,和歌山県,30205,御坊市,市,19.68067646795852
30,和歌山県,30206,田辺市,市,65.10844954039933
30,和歌山県,30207,新宮市,市,71.1998184315205
30,和歌山県,30208,紀の川市,市,38.251465723808735
30,和歌山県,30209,岩出市,市,21.558408674764546
30,和歌山県,30304,紀美野町,町,57.094491471499275
30,和歌山県,30341,かつらぎ町,町,55.84905893966614
30,和歌山県,30343,九度山町,町,57.417794540802426
30,和歌山県,30344,高野町,町,54.43594241502101
30,和歌山県,30361,湯浅町,町,38.294328422746155
30,和歌山県,30362,広川町,町,53.2796779837167
30,和歌山県,30366,有田川町,町,67.17626406660494
30,和歌山県,30381,美浜町,町,28.645821347399007
30,和歌山県,30382,日高町,町,39.79636754763928
30,和歌山県,30383,由良町,町,50.98218335664144
30,和歌山県,30390,印南町,町,38.202151641827875
30,和歌山県,30391,みなべ町,町,40.80609987359792
30,和歌山県,30392,日高川町,町,64.12068607702801
30,和歌山県,30401,白浜町,町,51.92690432266511
30,和歌山県,30404,上富田町,町,38.163881437890964
30,和歌山県,30406,すさみ町,町,51.90335967045553
30,和歌山県,30421,那智勝浦町,町,46.63524983261578
30,和歌山県,30422,太地町,町,18.24100457341117
30,和歌山県,30424,古座川町,町,55.83328825923799
30,和歌山県,30427,北山村,村,96.14920660206161
30,和歌山県,30428,串本町,町,33.78947783624101
31,鳥取県,31201,鳥取市,市,45.555874282716914
31,鳥取県,31202,米子市,市,10.545063172210105
31,鳥取県,31203,倉吉市,市,33.4501996217808
31,鳥取県,31204,境港市,市,1.0935380840806155
31,鳥取県,31302,岩美町,町,44.514649678848485
31,鳥取県,31325,若桜町,町,73.52446278524181
31,鳥取県,31328,智頭町,町,59.90939861452777
31,鳥取県,31329,八頭町,町,56.993597853418265
31,鳥取県,31364,三朝町,町,56.357945799346425
31,鳥取県,31370,湯梨浜町,町,31.38588995435737
31,鳥取県,31371,琴浦町,町,33.922757769565216
31,鳥取県,31372,北栄町,町,9.459664248047375
31,鳥取県,31384,日吉津村,村,1.5772827720439757
31,鳥取県,31386,大山町,町,31.000074832435246
31,鳥取県,31389,南部町,町,34.22830781706038
31,鳥取県,31390,伯耆町,町,33.83620106683919
31,鳥取県,31401,日南町,町,43.38389288386643
31,鳥取県,31402,日野町,町,61.48250171668369
31,鳥取県,31403,江府町,町,53.15828961888082
32,島根県,32201,松江市,市,22.70648163999505
32,島根県,32202,浜田市,市,39.832458085839015
32,島根県,32203,出雲市,市,29.75439420847018
32,島根県,32204,益田市,市,46.79796902378226
32,島根県,32205,大田市,市,31.289567346865148
32,島根県,32206,安来市,市,31.808579132158776
32,島根県,32207,江津市,市,43.987317411452764
32,島根県,32209,雲南市,市,37.00313904966723
32,島根県,32343,奥出雲町,町,41.81075299299635
32,島根県,32386,飯南町,町,40.858915726324824
32,島根県,32441,川本町,町,42.95521066175549
32,島根県,32448,美郷町,町,47.727506629185456
32,島根県,32449,邑南町,町,47.075389267158535
32,島根県,32501,津和野町,町,51.725935747271805
32,島根県,32505,吉賀町,町,69.28528602935418
32,島根県,32525,海士町,町,33.255324495631015
32,島根県,32526,西ノ島町,町,54.40218647235893
32,島根県,32527,知夫村,村,44.315097509121344
32,島根県,32528,隠岐の島町,町,47.82842221776226
33,岡山県,33101,岡山市,市,33.941130555427534
33,岡山県,33102,岡山市,市,11.709124621923802
33,岡山県,33103,岡山市,市,20.339992846956495
33,岡山県,33104,岡山市,市,9.873733539681037
33,岡山県,33202,倉敷市,市,18.81775677126355
33,岡山県,33203,津山市,市,41.740080731456814
33,岡山県,33204,玉野市,市,28.578206646613307
33,岡山県,33205,笠岡市,市,28.77758243405011
33,岡山県,33207,井原市,市,30.752987382261985
33,岡山県,33208,総社市,市,35.58146892052286
33,岡山県,33209,高梁市,市,45.72763469752286
33,岡山県,33210,新見市,市,47.306652948588834
33,岡山県,33211,備前市,市,38.97655355519508
33,岡山県,33212,瀬戸内市,市,20.210849139630948
33,岡山県,33213,赤磐市,市,31.845976105044613
33,岡山県,33214,真庭市,市,43.1391961018742
33,岡山県,33215,美作市,市,39.558629700635954
33,岡山県,33216,浅口市,市,28.74991762133093
33,岡山県,33346,和気町,町,45.657284606921046
33,岡山県,33423,早島町,町,8.965954930397627
33,岡山県,33445,里庄町,町,20.910687662033308
33,岡山県,33461,矢掛町,町,39.95321557986451
33,岡山県,33586,新庄村,村,51.163966901659315
33,岡山県,33606,鏡野町,町,52.21320342147999
33,岡山県,33622,勝央町,町,14.874088833257888
33,岡山県,33623,奈義町,町,39.24011962253962
33,岡山県,33643,西粟倉村,村,62.13955519634826
33,岡山県,33663,久米南町,町,28.753049941675666
33,岡山県,33666,美咲町,町,36.47244560771193
33,岡山県,33681,吉備中央町,町,32.930664453093854
34,広島県,34101,広島市,市,2.152733684916014
34,広島県,34102,広島市,市,41.609923900380736
34,広島県,34103,広島市,市,14.574674103118964
34,広島県,34104,広島市,市,23.340414431007044
34,広島県,34105,広島市,市,45.05015771043368
34,広島県,34106,広島市,市,58.073771270260046
34,広島県,34107,広島市,市,54.460161637025976
34,広島県,34108,広島市,市,56.39420906899401
34,広島県,34202,呉市,市,54.55410626659857
34,広島県,34203,竹原市,市,44.267778059027044
34,広島県,34204,三原市,市,32.95682349219689
34,広島県,34205,尾道市,市,36.756047586180884
34,広島県,34207,福山市,市,29.97777452588134
34,広島県,34208,府中市,市,40.60383064381299
34,広島県,34209,三次市,市,35.14771973475255
34,広島県,34210,庄原市,市,41.96683856095648
34,広島県,34211,大竹市,市,49.9290421601494
34,広島県,34212,東広島市,市,34.92236014811227
34,広島県,34213,廿日市市,市,47.779205579457695
34,広島県,34214,安芸高田市,市,40.50225130087348
34,広島県,34215,江田島市,市,55.94518528189877
34,広島県,34302,府中町,町,28.038611264327344
34,広島県,34304,海田町,町,46.03407487653861
34,広島県,34307,熊野町,町,41.305644178538536
34,広島県,34309,坂町,町,52.309558712343126
34,広島県,34368,安芸太田町,町,63.608309451240345
34,広島県,34369,北広島町,町,39.47913302688281
34,広島県,34431,大崎上島町,町,40.481112200040556
34,広島県,34462,世羅町,町,26.754807360956548
34,広島県,34545,神石高原町,町,31.94405134122969
35,山口県,35201,下関市,市,34.22501574254656
35,山口県,35202,宇部市,市,18.469055550181945
35,山口県,35203,山口市,市,42.424863614923765
35,山口県,35204,萩市,市,42.47200256024549
35,山口県,35206,防府市,市,33.47019173302517
35,山口県,35207,下松市,市,36.75594816674853
35,山口県,35208,岩国市,市,51.44382624218088
35,山口県,35210,光市,市,28.576754189938313
35,山口県,35211,長門市,市,43.07958334703543
35,山口県,35212,柳井市,市,41.45459160583351
35,山口県,35213,美祢市,市,36.66703840475274
35,山口県,35215,周南市,市,41.1551732094581
35,山口県,35216,山陽小野田市,市,16.04989289482852
35,山口県,35305,周防大島町,町,61.150753169282844
35,山口県,35321,和木町,町,26.60124798250552
35,山口県,35341,上関町,町,69.23699231837352
35,山口県,35343,田布施町,町,21.26890072578856
35,山口県,35344,平生町,町,35.92645904635804
35,山口県,35502,阿武町,町,45.02473339193832
36,徳島県,36201,徳島市,市,20.918963170315994
36,徳島県,36202,鳴門市,市,32.27566776542002
36,徳島県,36203,小松島市,市,14.883870148679264
36,徳島県,36204,阿南市,市,37.57702843317378
36,徳島県,36205,吉野川市,市,50.8924906350679
36,徳島県,36206,阿波市,市,40.39062886366285
36,徳島県,36207,美馬市,市,78.88641375054543
36,徳島県,36208,三好市,市,84.7028483232186
36,徳島県,36301,勝浦町,町,71.97758475554299
36,徳島県,36302,上勝町,町,76.48410114631065
36,徳島県,36321,佐那河内村,村,56.55368110897665
36,徳島県,36341,石井町,町,9.04995656237814
36,徳島県,36342,神山町,町,74.71619516590302
36,徳島県,36368,那賀町,町,86.32124286730921
36,徳島県,36383,牟岐町,町,59.200849299023
36,徳島県,36387,美波町,町,58.01260241486916
36,徳島県,36388,海陽町,町,73.79071029718804
36,徳島県,36401,松茂町,町,0.7495973036951659
36,徳島県,36402,北島町,町,0.6852184121106807
36,徳島県,36403,藍住町,町,1.0062546694227135
36,徳島県,36404,板野町,町,27.922639081751946
36,徳島県,36405,上板町,町,29.62006108894213
36,徳島県,36468,つるぎ町,町,87.44250272155972
36,徳島県,36489,東みよし町,町,71.60861113728663
37,香川県,37201,高松市,市,29.222582950832397
37,香川県,37202,丸亀市,市,18.879574479254355
37,香川県,37203,坂出市,市,37.687574445545295
37,香川県,37204,善通寺市,市,28.204677022156506
37,香川県,37205,観音寺市,市,33.223062722660686
37,香川県,37206,さぬき市,市,29.025901729920744
37,香川県,37207,東かがわ市,市,43.01813222882336
37,香川県,37208,三豊市,市,30.278867450416517
37,香川県,37322,土庄町,町,57.90606780872553
37,香川県,37324,小豆島町,町,61.73174278628659
37,香川県,37341,三木町,町,26.285290155952897
37,香川県,37364,直島町,町,21.780230845546434
37,香川県,37386,宇多津町,町,17.30780968334206
37,香川県,37387,綾川町,町,25.725260585721202
37,香川県,37403,琴平町,町,19.485355175370923
37,香川県,37404,多度津町,町,17.26354749494904
37,香川県,37406,まんのう町,町,46.74998900859841
38,愛媛県,38201,松山市,市,35.85887609182122
38,愛媛県,38202,今治市,市,38.34841674888857
38,愛媛県,38203,宇和島市,市,59.17967916670196
38,愛媛県,38204,八幡浜市,市,62.42766892765591
38,愛媛県,38205,新居浜市,市,72.09022829207775
38,愛媛県,38206,西条市,市,70.93429761600376
38,愛媛県,38207,大洲市,市,58.38282433257038
38,愛媛県,38210,伊予市,市,60.75715712718885
38,愛媛県,38213,四国中央市,市,75.34911088023017
38,愛媛県,38214,西予市,市,59.335581426868416
38,愛媛県,38215,東温市,市,60.958155925058946
38,愛媛県,38356,上島町,町,50.07500604711574
38,愛媛県,38386,久万高原町,町,74.33779002813228
38,愛媛県,38401,松前町,町,1.0974489382835266
38,愛媛県,38402,砥部町,町,54.323279741909914
38,愛媛県,38422,内子町,町,62.185352514356616
38,愛媛県,38442,伊方町,町,60.28872185988561
38,愛媛県,38484,松野町,町,61.25757600787566
38,愛媛県,38488,鬼北町,町,66.71789747287505
38,愛媛県,38506,愛南町,町,60.42205326465534
39,高知県,39201,高知市,市,46.46130014346474
39,高知県,39202,室戸市,市,70.24006814848009
39,高知県,39203,安芸市,市,76.98210006900102
39,高知県,39204,南国市,市,34.14359048750607
39,高知県,39205,土佐市,市,40.387054818667174
39,高知県,39206,須崎市,市,53.73194618828178
39,高知県,39208,宿毛市,市,51.35226255533837
39,高知県,39209,土佐清水市,市,53.01119438114872
39,高知県,39210,四万十市,市,60.189830737022675
39,高知県,39211,香南市,市,38.94710083134461
39,高知県,39212,香美市,市,81.80674632796065
39,高知県,39301,東洋町,町,71.60598776790548
39,高知県,39302,奈半利町,町,59.815893317556174
39,高知県,39303,田野町,町,30.523625632787674
39,高知県,39304,安田町,町,63.99397666385727
39,高知県,39305,北川村,村,82.32248184726285
39,高知県,39306,馬路村,村,83.2090913480676
39,高知県,39307,芸西村,村,47.26896377198521
39,高知県,39341,本山町,町,77.35958591664566
39,高知県,39344,大豊町,町,78.78836098373093
39,高知県,39363,土佐町,町,79.36896422505163
39,高知県,39364,大川村,村,102.12133243958
39,高知県,39386,いの町,町,83.6464001412911
39,高知県,39387,仁淀川町,町,90.00793954547865
39,高知県,39401,中土佐町,町,58.715635514227614
39,高知県,39402,佐川町,町,51.01989127884085
39,高知県,39403,越知町,町,82.59037862009295
39,高知県,39405,檮原町,町,71.93113787706969
39,高知県,39410,日高村,村,51.08207617162158
39,高知県,39411,津野町,町,72.9471164858608
39,高知県,39412,四万十町,町,60.78285584845493
39,高知県,39424,大月町,町,36.224440860100025
39,高知県,39427,三原村,村,55.73879969866737
39,高知県,39428,黒潮町,町,49.76231015701904
40,福岡県,40101,北九州市,市,38.990965522891884
40,福岡県,40103,北九州市,市,15.935088029160433
40,福岡県,40105,北九州市,市,8.362122767833755
40,福岡県,40106,北九州市,市,21.175360960883516
40,福岡県,40107,北九州市,市,41.94207599909858
40,福岡県,40108,北九州市,市,40.09446894962114
40,福岡県,40109,北九州市,市,21.213989000362325
40,福岡県,40131,福岡市,市,11.346080200961165
40,福岡県,40132,福岡市,市,4.842721932991739
40,福岡県,40133,福岡市,市,6.305755445156544
40,福岡県,40134,福岡市,市,13.195081478408845
40,福岡県,40135,福岡市,市,24.206511246145624
40,福岡県,40136,福岡市,市,16.730809210238622
40,福岡県,40137,福岡市,市,41.68807983475285
40,福岡県,40202,大牟田市,市,16.02137185532938
40,福岡県,40203,久留米市,市,13.830088409295971
40,福岡県,40204,直方市,市,26.715917291231023
40,福岡県,40205,飯塚市,市,27.83884338688939
40,福岡県,40206,田川市,市,19.843810369581504
40,福岡県,40207,柳川市,市,0.4558234814380291
40,福岡県,40210,八女市,市,45.34891674017502
40,福岡県,40211,筑後市,市,1.3480095354867998
40,福岡県,40212,大川市,市,0.6759855270186719
40,福岡県,40213,行橋市,市,11.45161484209847
40,福岡県,40214,豊前市,市,37.75260246078427
40,福岡県,40215,中間市,市,5.0357995945524525
40,福岡県,40216,小郡市,市,2.821116821558566
40,福岡県,40217,筑紫野市,市,31.0228375401222
40,福岡県,40218,春日市,市,5.0146446680514565
40,福岡県,40219,大野城市,市,22.60252346593892
40,福岡県,40220,宗像市,市,22.963504710149902
40,福岡県,40221,太宰府市,市,29.204965399217834
40,福岡県,40223,古賀市,市,23.176150426559833
40,福岡県,40224,福津市,市,17.2192789908245
40,福岡県,40225,うきは市,市,36.309372105336955
40,福岡県,40226,宮若市,市,35.47221532337401
40,福岡県,40227,嘉麻市,市,33.910476756167945
40,福岡県,40228,朝倉市,市,36.376306170093414
40,福岡県,40229,みやま市,市,17.212130610337343
40,福岡県,40230,糸島市,市,37.06163929500326
40,福岡県,40231,那珂川市,市,42.8481433342718
40,福岡県,40341,宇美町,町,39.70722747189875
40,福岡県,40342,篠栗町,町,47.84901277545808
40,福岡県,40343,志免町,町,8.194390485803275
40,福岡県,40344,須恵町,町,31.675705305499722
40,福岡県,40345,新宮町,町,20.284416518327184
40,福岡県,40348,久山町,町,38.77483244976348
40,福岡県,40349,粕屋町,町,3.5583387896714287
40,福岡県,40381,芦屋町,町,5.746856244080109
40,福岡県,40382,水巻町,町,8.190958663045315
40,福岡県,40383,岡垣町,町,26.82487560344413
40,福岡県,40384,遠賀町,町,8.893076670427941
40,福岡県,40401,小竹町,町,9.545302174307205
40,福岡県,40402,鞍手町,町,17.168876669315075
40,福岡県,40421,桂川町,町,17.40516598710815
40,福岡県,40447,筑前町,町,16.56508804738989
40,福岡県,40448,東峰村,村,52.44867558891413
40,福岡県,40503,大刀洗町,町,1.3664215004817044
40,福岡県,40522,大木町,町,0.3838985592190432
40,福岡県,40544,広川町,町,18.748902135553106
40,福岡県,40601,香春町,町,48.482662227920365
40,福岡県,40602,添田町,町,49.848330432747666
40,福岡県,40604,糸田町,町,15.90715387659963
40,福岡県,40605,川崎町,町,26.805403714676817
40,福岡県,40608,大任町,町,16.382638569997994
40,福岡県,40609,赤村,村,37.93977630935736
40,福岡県,40610,福智町,町,30.345989226779047
40,福岡県,40621,苅田町,町,32.80257924923324
40,福岡県,40625,みやこ町,町,35.48503877048184
40,福岡県,40642,吉富町,町,2.73128391679669
40,福岡県,40646,上毛町,町,32.59699710461327
40,福岡県,40647,築上町,町,34.434486593272034
41,佐賀県,41201,佐賀市,市,22.763668244584235
41,佐賀県,41202,唐津市,市,36.71133050989954
41,佐賀県,41203,鳥栖市,市,20.318712478658917
41,佐賀県,41204,多久市,市,38.611155024626015
41,佐賀県,41205,伊万里市,市,33.11636844170784
41,佐賀県,41206,武雄市,市,28.900851725484323
41,佐賀県,41207,鹿島市,市,38.633032273509976
41,佐賀県,41208,小城市,市,24.9840861628317
41,佐賀県,41209,嬉野市,市,40.091545721213464
41,佐賀県,41210,神埼市,市,21.994688815742556
41,佐賀県,41327,吉野ヶ里町,町,33.41633123981547
41,佐賀県,41341,基山町,町,28.14956340274314
41,佐賀県,41345,上峰町,町,15.164657840091857
41,佐賀県,41346,みやき町,町,11.762047112392311
41,佐賀県,41387,玄海町,町,25.070946229332822
41,佐賀県,41401,有田町,町,36.62233765853427
41,佐賀県,41423,大町町,町,24.74303447896217
41,佐賀県,41424,江北町,町,14.889423909649997
41,佐賀県,41425,白石町,町,8.982292901519111
41,佐賀県,41441,太良町,町,43.38637058004254
42,長崎県,42201,長崎市,市,44.150514896533764
42,長崎県,42202,佐世保市,市,37.50723380752531
42,長崎県,42203,島原市,市,40.7585389046645
42,長崎県,42204,諫早市,市,29.29085033536957
42,長崎県,42205,大村市,市,39.261854925551965
42,長崎県,42207,平戸市,市,37.93955722020784
42,長崎県,42208,松浦市,市,36.33787388000825
42,長崎県,42209,対馬市,市,39.50020742921197
42,長崎県,42210,壱岐市,市,17.14621545332168
42,長崎県,42211,五島市,市,39.021374088232356
42,長崎県,42212,西海市,市,31.503562323897462
42,長崎県,42213,雲仙市,市,37.45642519919778
42,長崎県,42214,南島原市,市,32.52409897270975
42,長崎県,42307,長与町,町,39.82486761370977
42,長崎県,42308,時津町,町,37.03260724664928
42,長崎県,42321,東彼杵町,町,39.89918309108276
42,長崎県,42322,川棚町,町,44.23652574908135
42,長崎県,42323,波佐見町,町,29.337171730903144
42,長崎県,42383,小値賀町,町,39.37790197576012
42,長崎県,42391,佐々町,町,38.27456094651738
42,長崎県,42411,新上五島町,町,53.05981487558912
43,熊本県,43101,熊本市,市,4.819262441301834
43,熊本県,43102,熊本市,市,5.292682211547615
43,熊本県,43103,熊本市,市,35.78778197988584
43,熊本県,43104,熊本市,市,5.214404901679951
43,熊本県,43105,熊本市,市,14.244893836489853
43,熊本県,43202,八代市,市,60.35073823684112
43,熊本県,43203,人吉市,市,38.234982763824576
43,熊本県,43204,荒尾市,市,13.78510444943214
43,熊本県,43205,水俣市,市,49.96143082651241
43,熊本県,43206,玉名市,市,14.452378858930992
43,熊本県,43208,山鹿市,市,34.94768976347626
43,熊本県,43210,菊池市,市,27.660390230138844
43,熊本県,43211,宇土市,市,25.835618308304873
43,熊本県,43212,上天草市,市,37.35860594562925
43,熊本県,43213,宇城市,市,24.201835407191478
43,熊本県,43214,阿蘇市,市,24.172428638444348
43,熊本県,43215,天草市,市,41.475370298309244
43,熊本県,43216,合志市,市,5.442660734403181
43,熊本県,43348,美里町,町,62.911485603727215
43,熊本県,43364,玉東町,町,31.287881120171715
43,熊本県,43367,南関町,町,21.266650514696718
43,熊本県,43368,長洲町,町,3.3923227835879692
43,熊本県,43369,和水町,町,28.014192111307267
43,熊本県,43403,大津町,町,24.321125374930535
43,熊本県,43404,菊陽町,町,8.396015526311759
43,熊本県,43423,南小国町,町,24.926556771846386
43,熊本県,43424,小国町,町,35.226520132791585
43,熊本県,43425,産山村,村,19.989314404011505
43,熊本県,43428,高森町,町,28.613303022265715
43,熊本県,43432,西原村,村,35.78452798063832
43,熊本県,43433,南阿蘇村,村,44.87247634984912
43,熊本県,43441,御船町,町,30.501066488825895
43,熊本県,43442,嘉島町,町,2.518749989174954
43,熊本県,43443,益城町,町,22.355543183145432
43,熊本県,43444,甲佐町,町,31.036316692895806
43,熊本県,43447,山都町,町,38.15111002759275
43,熊本県,43468,氷川町,町,12.402795463322523
43,熊本県,43482,芦北町,町,50.33859831594352
43,熊本県,43484,津奈木町,町,48.70431848469509
43,熊本県,43501,錦町,町,37.149062298510565
43,熊本県,43505,多良木町,町,53.90582156978171
43,熊本県,43506,湯前町,町,55.55701173336048
43,熊本県,43507,水上村,村,74.11483421560278
43,熊本県,43510,相良村,村,56.907878656333565
43,熊本県,43511,五木村,村,82.6091789767036
43,熊本県,43512,山江村,村,65.49144987772335
43,熊本県,43513,球磨村,村,64.06925450955485
43,熊本県,43514,あさぎり町,町,45.56592802129007
43,熊本県,43531,苓北町,町,43.849968905712075
44,大分県,44201,大分市,市,28.648931349719525
44,大分県,44202,別府市,市,49.2622017310443
44,大分県,44203,中津市,市,45.60732785999448
44,大分県,44204,日田市,市,46.795079334812726
44,大分県,44205,佐伯市,市,54.68592056375185
44,大分県,44206,臼杵市,市,37.33930665200471
44,大分県,44207,津久見市,市,63.223670952441815
44,大分県,44208,竹田市,市,33.158255682255046
44,大分県,44209,豊後高田市,市,33.821799481085236
44,大分県,44210,杵築市,市,29.78421364888665
44,大分県,44211,宇佐市,市,33.32050900869705
44,大分県,44212,豊後大野市,市,40.4840437631371
44,大分県,44213,由布市,市,49.27271793424801
44,大分県,44214,国東市,市,33.933382334350284
44,大分県,44322,姫島村,村,17.669525728607546
44,大分県,44341,日出町,町,28.57374770370403
44,大分県,44461,九重町,町,41.61759657785944
44,大分県,44462,玖珠町,町,34.92095255348035
45,宮崎県,45201,宮崎市,市,24.443431603794647
45,宮崎県,45202,都城市,市,22.885271019853686
45,宮崎県,45203,延岡市,市,59.99237339981981
45,宮崎県,45204,日南市,市,51.74946761551538
45,宮崎県,45205,小林市,市,44.42428572747487
45,宮崎県,45206,日向市,市,52.632413549034176
45,宮崎県,45207,串間市,市,41.37946132722639
45,宮崎県,45208,西都市,市,59.94980839310624
45,宮崎県,45209,えびの市,市,36.385416358988344
45,宮崎県,45341,三股町,町,49.4178547044864
45,宮崎県,45361,高原町,町,24.762867495816128
45,宮崎県,45382,国富町,町,36.61669198710869
45,宮崎県,45383,綾町,町,61.07197890890009
45,宮崎県,45401,高鍋町,町,9.970665044994824
45,宮崎県,45402,新富町,町,7.9528551315306295
45,宮崎県,45403,西米良村,村,86.02302296301092
45,宮崎県,45404,木城町,町,70.67436897244063
45,宮崎県,45405,川南町,町,23.12989818725352
45,宮崎県,45406,都農町,町,52.55738543999865
45,宮崎県,45421,門川町,町,47.328980629493586
45,宮崎県,45429,諸塚村,村,78.9133436035475
45,宮崎県,45430,椎葉村,村,84.6787897981469
45,宮崎県,45431,美郷町,町,66.19699025704509
45,宮崎県,45441,高千穂町,町,64.35734909080502
45,宮崎県,45442,日之影町,町,79.5241438013457
45,宮崎県,45443,五ヶ瀬町,町,63.361518947058336
46,鹿児島県,46201,鹿児島市,市,31.083132288714683
46,鹿児島県,46203,鹿屋市,市,27.68384731612789
46,鹿児島県,46204,枕崎市,市,26.1993952987473
46,鹿児島県,46206,阿久根市,市,33.17769697110648
46,鹿児島県,46208,出水市,市,38.44597957354546
46,鹿児島県,46210,指宿市,市,30.307960708779653
46,鹿児島県,46213,西之表市,市,17.0528118240853
46,鹿児島県,46214,垂水市,市,53.34263515090061
46,鹿児島県,46215,薩摩川内市,市,38.87485813281057
46,鹿児島県,46216,日置市,市,26.201665849345463
46,鹿児島県,46217,曽於市,市,18.76752086047483
46,鹿児島県,46218,霧島市,市,28.047303950687706
46,鹿児島県,46219,いちき串木野市,市,39.03962946602682
46,鹿児島県,46220,南さつま市,市,35.200145591728415
46,鹿児島県,46221,志布志市,市,23.293112675798444
46,鹿児島県,46222,奄美市,市,44.37626357413794
46,鹿児島県,46223,南九州市,市,24.372915146690904
46,鹿児島県,46224,伊佐市,市,30.066507030290673
46,鹿児島県,46225,姶良市,市,32.53706054450879
46,鹿児島県,46303,三島村,村,80.66788776413735
46,鹿児島県,46304,十島村,村,79.1746938054789
46,鹿児島県,46392,さつま町,町,35.3945272900683
46,鹿児島県,46404,長島町,町,42.51399922423728
46,鹿児島県,46452,湧水町,町,30.19399371422156
46,鹿児島県,46468,大崎町,町,9.243168985259965
46,鹿児島県,46482,東串良町,町,3.892005686389605
46,鹿児島県,46490,錦江町,町,35.365981440356634
46,鹿児島県,46491,南大隅町,町,49.8641920894858
46,鹿児島県,46492,肝付町,町,57.52612316145919
46,鹿児島県,46501,中種子町,町,15.373008381054348
46,鹿児島県,46502,南種子町,町,18.10065931100115
46,鹿児島県,46505,屋久島町,町,79.77719694695686
46,鹿児島県,46523,大和村,村,46.79167781562738
46,鹿児島県,46524,宇検村,村,54.18773907500579
46,鹿児島県,46525,瀬戸内町,町,52.293554944216105
46,鹿児島県,46527,龍郷町,町,45.87939498947611
46,鹿児島県,46529,喜界町,町,18.676543423105183
46,鹿児島県,46530,徳之島町,町,35.76768355721634
46,鹿児島県,46531,天城町,町,27.210694883808006
46,鹿児島県,46532,伊仙町,町,14.341595961314454
46,鹿児島県,46533,和泊町,町,11.415557496924434
46,鹿児島県,46534,知名町,町,15.459263991122123
46,鹿児島県,46535,与論町,町,9.72219722426186
47,沖縄県,47201,那覇市,市,9.697519663347396
47,沖縄県,47205,宜野湾市,市,9.926197958762316
47,沖縄県,47207,石垣市,市,30.609529536322565
47,沖縄県,47208,浦添市,市,10.173242655830434
47,沖縄県,47209,名護市,市,25.778122941599594
47,沖縄県,47210,糸満市,市,9.688007918323665
47,沖縄県,47211,沖縄市,市,7.532139878492532
47,沖縄県,47212,豊見城市,市,11.553184032893675
47,沖縄県,47213,うるま市,市,11.482568582521173
47,沖縄県,47214,宮古島市,市,5.490891830866047
47,沖縄県,47215,南城市,市,21.635994102627496
47,沖縄県,47301,国頭村,村,29.110103163176266
47,沖縄県,47302,大宜味村,村,30.195266417766124
47,沖縄県,47303,東村,村,20.141484683424416
47,沖縄県,47306,今帰仁村,村,20.63194619622146
47,沖縄県,47308,本部町,町,29.346748265908655
47,沖縄県,47311,恩納村,村,23.301596633095894
47,沖縄県,47313,宜野座村,村,13.846775999322993
47,沖縄県,47314,金武町,町,18.843087202562693
47,沖縄県,47315,伊江村,村,8.38461266346641
47,沖縄県,47324,読谷村,村,9.40407831340053
47,沖縄県,47325,嘉手納町,町,7.037492045682369
47,沖縄県,47326,北谷町,町,10.295476776886188
47,沖縄県,47327,北中城村,村,16.459200264413653
47,沖縄県,47328,中城村,村,23.894817618041138
47,沖縄県,47329,西原町,町,14.139723679175233
47,沖縄県,47348,与那原町,町,17.63401145339388
47,沖縄県,47350,南風原町,町,10.585014435473065
47,沖縄県,47353,渡嘉敷村,村,40.94548234876452
47,沖縄県,47354,座間味村,村,37.86309829949782
47,沖縄県,47355,粟国村,村,9.094741298264125
47,沖縄県,47357,南大東村,村,7.420085946105155
47,沖縄県,47358,北大東村,村,9.542061250816221
47,沖縄県,47359,伊平屋村,村,36.633948876009306
47,沖縄県,47360,伊是名村,村,13.99014102246812
47,沖縄県,47361,久米島町,町,23.305390960535448
47,沖縄県,47362,八重瀬町,町,10.84204725184955
47,沖縄県,47375,多良間村,村,0.9657037153144132
47,沖縄県,47381,竹富町,町,37.583805648059524
47,沖縄県,47382,与那国町,町,24.84239260957838
